ID.num,ID.vial,host,animal,virus,replicate,flies,foldchange,notes
1,D.aff_Nora_1,D. affinis,D.affinis,DmelNv,1,15,1.7992235109290704,NA
2,D.pse_Nora_1,D. pseudoobscura,D.pseudoobscura,DmelNv,1,15,0.15845271868932428,NA
3,D.tei_Nora_1,D. teisseri,D.teisseri,DmelNv,1,14,1.2471544127365903,NA
4,D.buz_Nora_1,D. buzzatii,D.buzzatii,DmelNv,1,13,1.2628539658493143,NA
5,Z.dav_Nora_1,Z. davidi,Z.davidi,DmelNv,1,15,-1.289344118,NA
6,S.pat_Nora_1,S. pattersoni,S.pattersoni,DmelNv,1,15,-1.289344118,NA
7,D.ana_Nora_1,D. ananassae,D.ananassae,DmelNv,1,14,0.7917846201807305,NA
8,D.neb_Nora_1,D. nebulosa,D.nebulosa,DmelNv,1,14,0.7013611479315504,NA
9,Z.tub_Nora_1,Z. tuberculatus,Z.tuberculatus,DmelNv,1,15,-0.602745504,NA
10,D.vir_Nora_1,D. virilis,D.virilis,DmelNv,1,15,NA,Omitted due to melt-curve contaminants
11,D.imm_Nora_1,D. immigrans,D.immigrans,DmelNv,1,14,-0.485754068,NA
12,D.sim_Nora_1,D. simulans,D.simulans,DmelNv,1,14,1.7127845934754309,NA
13,S.leb_Nora_1,S. lebanonensis,S.lebanonensis,DmelNv,1,15,-0.617986579,NA
14,D.eur_Nora_1,D. euronotus,D.euronotus,DmelNv,1,13,NA,Omitted due to melt-curve contaminants
15,D.ame_Nora_1,D. americana,D.americana,DmelNv,1,12,0.33067532416922313,NA
16,D.mel_Nora_1,D. melanogaster,D.melanogaster,DmelNv,1,15,1.7806616233175667,NA
17,D.mon_Nora_1,D. montana,D.montana,DmelNv,1,15,-1.289344118,NA
18,D.lac_Nora_1,D. lacicola,D.lacicola,DmelNv,1,15,-1.289344118,NA
19,D.ere_Nora_1,D. erecta,D.erecta,DmelNv,1,14,NA,Omitted due to melt-curve contaminants
20,D.per_Nora_1,D. persimilis,D.persimilis,DmelNv,1,14,0.8794194186144836,NA
21,D.pro_Nora_1,D. prosaltans,D.prosaltans,DmelNv,1,13,1.4987909123260474,NA
22,D.hyd_Nora_1,D. hydei,D.hydei,DmelNv,1,15,NA,Omitted due to melt-curve contaminants
23,D.fla_Nora_1,D. flavomontana,D.flavomontana,DmelNv,1,15,-1.020958572,NA
24,D.yak_Nora_1,D. yakuba,D.yakuba,DmelNv,1,11,0.899074997,NA
25,D.suc_Nora_1,D. sucinea,D.sucinea,DmelNv,1,12,0.23960780505672044,NA
26,D.san_Nora_1,D. santomea,D.santomea,DmelNv,1,13,1.724312022756785,NA
27,D.nas_Nora_1,D. nasuta,D.nasuta,DmelNv,1,15,0.042467016,NA
28,D.put_Nora_1,D. putrida,D.putrida,DmelNv,1,13,0.7604954810200923,NA
29,D.sub_Nora_1,D. subobscura,D.subobscura,DmelNv,1,10,0.931542202,NA
30,D.bai_Nora_1,D. baimaii,D.baimaii,DmelNv,1,15,1.3183993227153896,NA
31,D.stu_Nora_1,D. sturtevanti,D.sturtevanti,DmelNv,1,10,1.1552513550965526,NA
32,D.sal_Nora_1,D. saltans,D.saltans,DmelNv,1,15,1.5466223233044292,NA
33,D.par_Nora_1,D. paramelanica,D.paramelanica,DmelNv,1,14,0.4517770623222082,NA
34,D.tak_Nora_1,D. takahashii,D.takahashii,DmelNv,1,15,1.5719851699227518,NA
35,D.ari_Nora_1,D. arizonae,D.arizonae,DmelNv,1,14,NA,Omitted due to melt-curve contaminants
36,S.pat_CrPV-OG_1,S. pattersoni,S.pattersoni,CrPV-OG,1,15,3.487260073316795,NA
37,D.ere_CrPV-OG_1,D. erecta,D.erecta,CrPV-OG,1,13,2.508549551180991,NA
38,D.hyd_CrPV-OG_1,D. hydei,D.hydei,CrPV-OG,1,15,0.2029763044327212,NA
39,D.fla_CrPV-OG_1,D. flavomontana,D.flavomontana,CrPV-OG,1,14,3.6194945799857097,NA
40,D.sub_CrPV-OG_1,D. subobscura,D.subobscura,CrPV-OG,1,14,3.473826704601137,NA
41,D.sal_CrPV-OG_1,D. saltans,D.saltans,CrPV-OG,1,15,4.798848402264686,NA
42,D.bai_CrPV-OG_1,D. baimaii,D.baimaii,CrPV-OG,1,12,3.152568462516628,NA
43,S.leb_CrPV-OG_1,S. lebanonensis,S.lebanonensis,CrPV-OG,1,15,3.3171670301243754,NA
44,Z.dav_CrPV-OG_1,Z. davidi,Z.davidi,CrPV-OG,1,15,2.452038383861596,NA
45,D.imm_CrPV-OG_1,D. immigrans,D.immigrans,CrPV-OG,1,15,NA,Omitted due to melt-curve contaminants
46,D.lac_CrPV-OG_1,D. lacicola,D.lacicola,CrPV-OG,1,14,4.294485973220347,NA
47,D.put_CrPV-OG_1,D. putrida,D.putrida,CrPV-OG,1,15,3.4601304450210653,NA
48,D.sim_CrPV-OG_1,D. simulans,D.simulans,CrPV-OG,1,15,2.676744511222624,NA
49,D.neb_CrPV-OG_1,D. nebulosa,D.nebulosa,CrPV-OG,1,14,4.410849447950319,NA
50,D.par_CrPV-OG_1,D. paramelanica,D.paramelanica,CrPV-OG,1,15,4.522579009787313,NA
51,D.pro_CrPV-OG_1,D. prosaltans,D.prosaltans,CrPV-OG,1,15,4.93055508,NA
52,D.pse_CrPV-OG_1,D. pseudoobscura,D.pseudoobscura,CrPV-OG,1,15,4.873734516918122,NA
53,D.san_CrPV-OG_1,D. santomea,D.santomea,CrPV-OG,1,14,2.998776460632804,NA
54,Z.tub_CrPV-OG_1,Z. tuberculatus,Z.tuberculatus,CrPV-OG,1,15,2.685618018055116,NA
55,D.ame_CrPV-OG_1,D. americana,D.americana,CrPV-OG,1,12,5.679438781072535,NA
56,D.stu_CrPV-OG_1,D. sturtevanti,D.sturtevanti,CrPV-OG,1,8,-1.001368118,NA
57,D.suc_CrPV-OG_1,D. sucinea,D.sucinea,CrPV-OG,1,13,3.5175985400794723,NA
58,D.tak_CrPV-OG_1,D. takahashii,D.takahashii,CrPV-OG,1,15,2.0055935059161287,NA
59,D.ana_CrPV-OG_1,D. ananassae,D.ananassae,CrPV-OG,1,13,6.271878327416411,NA
60,D.nas_CrPV-OG_1,D. nasuta,D.nasuta,CrPV-OG,1,15,2.5273783868258333,NA
61,D.yak_CrPV-OG_1,D. yakuba,D.yakuba,CrPV-OG,1,10,2.9310386707610774,NA
62,D.per_CrPV-OG_1,D. persimilis,D.persimilis,CrPV-OG,1,15,5.985389589978459,NA
63,D.tei_CrPV-OG_1,D. teisseri,D.teisseri,CrPV-OG,1,13,3.770844196,NA
64,D.ari_CrPV-OG_1,D. arizonae,D.arizonae,CrPV-OG,1,15,3.614666689631353,NA
65,D.mon_CrPV-OG_1,D. montana,D.montana,CrPV-OG,1,15,5.193096836805685,NA
66,D.eur_CrPV-OG_1,D. euronotus,D.euronotus,CrPV-OG,1,13,2.598925381377949,NA
67,D.aff_CrPV-OG_1,D. affinis,D.affinis,CrPV-OG,1,15,4.358669865321753,NA
68,D.vir_CrPV-OG_1,D. virilis,D.virilis,CrPV-OG,1,15,1.6022674103096048,NA
69,D.mel_CrPV-OG_1,D. melanogaster,D.melanogaster,CrPV-OG,1,15,0.8455640433219004,NA
70,D.buz_CrPV-OG_1,D. buzzatii,D.buzzatii,CrPV-OG,1,14,4.211547970424792,NA
71,D.eur_DCV-EB_1,D. euronotus,D.euronotus,DCV-EB,1,15,5.646373597688625,NA
72,D.put_DCV-EB_1,D. putrida,D.putrida,DCV-EB,1,15,5.226432062030083,NA
73,D.bai_DCV-EB_1,D. baimaii,D.baimaii,DCV-EB,1,12,5.6207986965983965,NA
74,D.yak_DCV-EB_1,D. yakuba,D.yakuba,DCV-EB,1,10,3.0164932568391247,NA
75,D.stu_DCV-EB_1,D. sturtevanti,D.sturtevanti,DCV-EB,1,14,-0.305572444,NA
76,D.neb_DCV-EB_1,D. nebulosa,D.nebulosa,DCV-EB,1,13,5.447907822752046,NA
77,D.tei_DCV-EB_1,D. teisseri,D.teisseri,DCV-EB,1,11,5.872469268158928,NA
78,D.suc_DCV-EB_1,D. sucinea,D.sucinea,DCV-EB,1,14,3.417318261545026,NA
79,D.aff_DCV-EB_1,D. affinis,D.affinis,DCV-EB,1,14,6.914477656,NA
80,D.sub_DCV-EB_1,D. subobscura,D.subobscura,DCV-EB,1,15,6.1928249804401405,NA
81,D.mon_DCV-EB_1,D. montana,D.montana,DCV-EB,1,15,6.082834815240139,NA
82,D.ana_DCV-EB_1,D. ananassae,D.ananassae,DCV-EB,1,13,6.879765983127717,NA
83,Z.dav_DCV-EB_1,Z. davidi,Z.davidi,DCV-EB,1,15,1.6730865309540026,NA
84,D.sim_DCV-EB_1,D. simulans,D.simulans,DCV-EB,1,15,6.448587858947906,NA
85,D.fla_DCV-EB_1,D. flavomontana,D.flavomontana,DCV-EB,1,15,6.379855247775019,NA
86,D.vir_DCV-EB_1,D. virilis,D.virilis,DCV-EB,1,14,1.8426702004388835,NA
87,D.par_DCV-EB_1,D. paramelanica,D.paramelanica,DCV-EB,1,12,6.171565808109587,NA
88,Z.tub_DCV-EB_1,Z. tuberculatus,Z.tuberculatus,DCV-EB,1,15,0.7296222569245995,NA
89,D.nas_DCV-EB_1,D. nasuta,D.nasuta,DCV-EB,1,12,5.077311625138895,NA
90,D.hyd_DCV-EB_1,D. hydei,D.hydei,DCV-EB,1,15,3.4748648296103015,NA
91,D.per_DCV-EB_1,D. persimilis,D.persimilis,DCV-EB,1,14,6.751641895118195,NA
92,D.pse_DCV-EB_1,D. pseudoobscura,D.pseudoobscura,DCV-EB,1,15,5.941212197187184,NA
93,D.imm_DCV-EB_1,D. immigrans,D.immigrans,DCV-EB,1,12,4.588898182405314,NA
94,S.leb_DCV-EB_1,S. lebanonensis,S.lebanonensis,DCV-EB,1,14,5.040003833251295,NA
95,D.tak_DCV-EB_1,D. takahashii,D.takahashii,DCV-EB,1,15,6.176108294552177,NA
96,D.san_DCV-EB_1,D. santomea,D.santomea,DCV-EB,1,13,5.6538642545700135,NA
97,S.pat_DCV-EB_1,S. pattersoni,S.pattersoni,DCV-EB,1,15,4.431500625669747,NA
98,D.ari_DCV-EB_1,D. arizonae,D.arizonae,DCV-EB,1,15,5.528760391925609,NA
99,D.lac_DCV-EB_1,D. lacicola,D.lacicola,DCV-EB,1,15,5.133704845801725,NA
100,D.sal_DCV-EB_1,D. saltans,D.saltans,DCV-EB,1,15,5.489715679904364,NA
101,D.pro_DCV-EB_1,D. prosaltans,D.prosaltans,DCV-EB,1,15,4.812419284156813,NA
102,D.ere_DCV-EB_1,D. erecta,D.erecta,DCV-EB,1,13,5.630682883397421,NA
103,D.ame_DCV-EB_1,D. americana,D.americana,DCV-EB,1,14,6.191345471,NA
104,D.buz_DCV-EB_1,D. buzzatii,D.buzzatii,DCV-EB,1,14,5.638688102426384,NA
105,D.mel_DCV-EB_1,D. melanogaster,D.melanogaster,DCV-EB,1,15,6.34904428,NA
106,D.stu_BFV_1,D. sturtevanti,D.sturtevanti,BFV,1,14,-3.920908893,NA
107,D.ame_BFV_1,D. americana,D.americana,BFV,1,15,-3.920908893,NA
108,D.put_BFV_1,D. putrida,D.putrida,BFV,1,12,-3.920908893,NA
109,D.mel_BFV_1,D. melanogaster,D.melanogaster,BFV,1,13,1.2246059334466852,NA
110,D.imm_BFV_1,D. immigrans,D.immigrans,BFV,1,15,-3.920908893,NA
111,D.bai_BFV_1,D. baimaii,D.baimaii,BFV,1,10,-3.920908893,NA
112,D.vir_BFV_1,D. virilis,D.virilis,BFV,1,15,-3.920908893,NA
113,D.hyd_BFV_1,D. hydei,D.hydei,BFV,1,15,-3.920908893,NA
114,D.ari_BFV_1,D. arizonae,D.arizonae,BFV,1,15,-3.367303458,NA
115,D.buz_BFV_1,D. buzzatii,D.buzzatii,BFV,1,15,-3.920908893,NA
116,S.pat_BFV_1,S. pattersoni,S.pattersoni,BFV,1,14,-3.920908893,NA
117,D.par_BFV_1,D. paramelanica,D.paramelanica,BFV,1,14,-3.417561941,NA
118,D.suc_BFV_1,D. sucinea,D.sucinea,BFV,1,12,-3.920908893,NA
119,D.aff_BFV_1,D. affinis,D.affinis,BFV,1,15,-3.920908893,NA
120,D.lac_BFV_1,D. lacicola,D.lacicola,BFV,1,15,-3.920908893,NA
121,D.mon_BFV_1,D. montana,D.montana,BFV,1,15,-3.920908893,NA
122,D.san_BFV_1,D. santomea,D.santomea,BFV,1,12,-3.920908893,NA
123,D.fla_BFV_1,D. flavomontana,D.flavomontana,BFV,1,14,-3.920908893,NA
124,D.sal_BFV_1,D. saltans,D.saltans,BFV,1,14,-3.920908893,NA
125,D.neb_BFV_1,D. nebulosa,D.nebulosa,BFV,1,11,-3.920908893,NA
126,D.tei_BFV_1,D. teisseri,D.teisseri,BFV,1,14,-3.920908893,NA
127,Z.tub_BFV_1,Z. tuberculatus,Z.tuberculatus,BFV,1,13,-3.920908893,NA
128,Z.dav_BFV_1,Z. davidi,Z.davidi,BFV,1,15,-3.920908893,NA
129,S.leb_BFV_1,S. lebanonensis,S.lebanonensis,BFV,1,13,-3.920908893,NA
130,D.per_BFV_1,D. persimilis,D.persimilis,BFV,1,15,-3.920908893,NA
131,D.ana_BFV_1,D. ananassae,D.ananassae,BFV,1,14,-3.920908893,NA
132,D.pse_BFV_1,D. pseudoobscura,D.pseudoobscura,BFV,1,15,-3.920908893,NA
133,D.sim_BFV_1,D. simulans,D.simulans,BFV,1,14,-3.920908893,NA
134,D.ere_BFV_1,D. erecta,D.erecta,BFV,1,13,-3.920908893,NA
135,D.eur_BFV_1,D. euronotus,D.euronotus,BFV,1,15,-3.920908893,NA
136,D.yak_BFV_1,D. yakuba,D.yakuba,BFV,1,11,-3.920908893,NA
137,D.pro_BFV_1,D. prosaltans,D.prosaltans,BFV,1,15,-3.920908893,NA
138,D.nas_BFV_1,D. nasuta,D.nasuta,BFV,1,9,-3.920908893,NA
139,D.sub_BFV_1,D. subobscura,D.subobscura,BFV,1,10,-3.920908893,NA
140,D.tak_BFV_1,D. takahashii,D.takahashii,BFV,1,12,-1.074422356,NA
141,D.ana_CrPV-GRA_1,D. ananassae,D.ananassae,CrPV-GRA,1,14,5.146373241293296,NA
142,D.sal_CrPV-GRA_1,D. saltans,D.saltans,CrPV-GRA,1,13,4.2191455772441495,NA
143,D.ere_CrPV-GRA_1,D. erecta,D.erecta,CrPV-GRA,1,13,2.512018038660435,NA
144,D.mel_CrPV-GRA_1,D. melanogaster,D.melanogaster,CrPV-GRA,1,13,2.394942999971759,NA
145,S.pat_CrPV-GRA_1,S. pattersoni,S.pattersoni,CrPV-GRA,1,14,2.5684704590942764,NA
146,D.mon_CrPV-GRA_1,D. montana,D.montana,CrPV-GRA,1,15,3.285575424729108,NA
147,D.bai_CrPV-GRA_1,D. baimaii,D.baimaii,CrPV-GRA,1,13,3.131755518234303,NA
148,D.imm_CrPV-GRA_1,D. immigrans,D.immigrans,CrPV-GRA,1,15,NA,Omitted due to melt-curve contaminants
149,D.lac_CrPV-GRA_1,D. lacicola,D.lacicola,CrPV-GRA,1,13,2.493808162402692,NA
150,D.nas_CrPV-GRA_1,D. nasuta,D.nasuta,CrPV-GRA,1,12,3.507837013697806,NA
151,Z.tub_CrPV-GRA_1,Z. tuberculatus,Z.tuberculatus,CrPV-GRA,1,15,2.194088613241998,NA
152,D.per_CrPV-GRA_1,D. persimilis,D.persimilis,CrPV-GRA,1,15,4.668479059957967,NA
153,D.fla_CrPV-GRA_1,D. flavomontana,D.flavomontana,CrPV-GRA,1,14,3.388690278430524,NA
154,D.stu_CrPV-GRA_1,D. sturtevanti,D.sturtevanti,CrPV-GRA,1,12,0.34882598779837043,NA
155,Z.dav_CrPV-GRA_1,Z. davidi,Z.davidi,CrPV-GRA,1,15,2.6575053997083566,NA
156,D.sub_CrPV-GRA_1,D. subobscura,D.subobscura,CrPV-GRA,1,14,3.0127248436940013,NA
157,D.buz_CrPV-GRA_1,D. buzzatii,D.buzzatii,CrPV-GRA,1,7,2.200730012673059,NA
158,D.yak_CrPV-GRA_1,D. yakuba,D.yakuba,CrPV-GRA,1,11,1.1931440504570086,NA
159,D.neb_CrPV-GRA_1,D. nebulosa,D.nebulosa,CrPV-GRA,1,15,1.986487510838917,NA
160,D.ame_CrPV-GRA_1,D. americana,D.americana,CrPV-GRA,1,9,3.538579946978431,NA
161,D.par_CrPV-GRA_1,D. paramelanica,D.paramelanica,CrPV-GRA,1,13,4.263089910786577,NA
162,D.ari_CrPV-GRA_1,D. arizonae,D.arizonae,CrPV-GRA,1,10,1.019309589,NA
163,D.tei_CrPV-GRA_1,D. teisseri,D.teisseri,CrPV-GRA,1,15,2.5379801769679986,NA
164,D.hyd_CrPV-GRA_1,D. hydei,D.hydei,CrPV-GRA,1,14,1.422331238791027,NA
165,D.eur_CrPV-GRA_1,D. euronotus,D.euronotus,CrPV-GRA,1,14,2.3135128172712864,NA
166,D.sim_CrPV-GRA_1,D. simulans,D.simulans,CrPV-GRA,1,15,2.2631273431231755,NA
167,D.pro_CrPV-GRA_1,D. prosaltans,D.prosaltans,CrPV-GRA,1,15,3.793710849,NA
168,D.suc_CrPV-GRA_1,D. sucinea,D.sucinea,CrPV-GRA,1,13,2.850897636456832,NA
169,D.san_CrPV-GRA_1,D. santomea,D.santomea,CrPV-GRA,1,14,0.3831410567738003,NA
170,D.vir_CrPV-GRA_1,D. virilis,D.virilis,CrPV-GRA,1,15,0.8120179233462379,NA
171,D.tak_CrPV-GRA_1,D. takahashii,D.takahashii,CrPV-GRA,1,11,2.15158444,NA
172,D.put_CrPV-GRA_1,D. putrida,D.putrida,CrPV-GRA,1,13,2.206854116844161,NA
173,D.aff_CrPV-GRA_1,D. affinis,D.affinis,CrPV-GRA,1,10,3.547583865038185,NA
174,D.pse_CrPV-GRA_1,D. pseudoobscura,D.pseudoobscura,CrPV-GRA,1,14,4.329356979865108,NA
175,S.leb_CrPV-GRA_1,S. lebanonensis,S.lebanonensis,CrPV-GRA,1,15,2.152762946539207,NA
176,D.stu_DCV-M_1,D. sturtevanti,D.sturtevanti,DCV-M,1,11,0.018741558,NA
177,D.aff_DCV-M_1,D. affinis,D.affinis,DCV-M,1,14,6.508186974,NA
178,Z.dav_DCV-M_1,Z. davidi,Z.davidi,DCV-M,1,10,1.281899018190704,NA
179,D.ana_DCV-M_1,D. ananassae,D.ananassae,DCV-M,1,12,6.009653472918248,NA
180,D.vir_DCV-M_1,D. virilis,D.virilis,DCV-M,1,15,2.2439468013322608,NA
181,D.neb_DCV-M_1,D. nebulosa,D.nebulosa,DCV-M,1,13,2.914613065249774,NA
182,D.suc_DCV-M_1,D. sucinea,D.sucinea,DCV-M,1,10,2.2820219860360105,NA
183,D.bai_DCV-M_1,D. baimaii,D.baimaii,DCV-M,1,12,5.079483957385553,NA
184,S.leb_DCV-M_1,S. lebanonensis,S.lebanonensis,DCV-M,1,15,3.144550249072542,NA
185,D.tei_DCV-M_1,D. teisseri,D.teisseri,DCV-M,1,9,5.0872003690687695,NA
186,D.sim_DCV-M_1,D. simulans,D.simulans,DCV-M,1,15,5.650929151,NA
187,D.san_DCV-M_1,D. santomea,D.santomea,DCV-M,1,13,5.066028640349479,NA
188,D.put_DCV-M_1,D. putrida,D.putrida,DCV-M,1,14,4.161752776279527,NA
189,D.sub_DCV-M_1,D. subobscura,D.subobscura,DCV-M,1,14,5.189223469137805,NA
190,D.pse_DCV-M_1,D. pseudoobscura,D.pseudoobscura,DCV-M,1,14,5.672722986105472,NA
191,D.imm_DCV-M_1,D. immigrans,D.immigrans,DCV-M,1,10,NA,Omitted due to melt-curve contaminants
192,D.par_DCV-M_1,D. paramelanica,D.paramelanica,DCV-M,1,11,5.366680212661728,NA
193,D.mon_DCV-M_1,D. montana,D.montana,DCV-M,1,14,5.5684358904569065,NA
194,D.nas_DCV-M_1,D. nasuta,D.nasuta,DCV-M,1,12,4.3108411658311425,NA
195,D.sal_DCV-M_1,D. saltans,D.saltans,DCV-M,1,15,4.682968888952889,NA
196,D.mel_DCV-M_1,D. melanogaster,D.melanogaster,DCV-M,1,15,4.920915189010338,NA
197,D.ere_DCV-M_1,D. erecta,D.erecta,DCV-M,1,14,4.486777372769468,NA
198,D.pro_DCV-M_1,D. prosaltans,D.prosaltans,DCV-M,1,15,2.737490350432308,NA
199,Z.tub_DCV-M_1,Z. tuberculatus,Z.tuberculatus,DCV-M,1,14,-0.780228711,NA
200,D.per_DCV-M_1,D. persimilis,D.persimilis,DCV-M,1,14,6.563407150592971,NA
201,S.pat_DCV-M_1,S. pattersoni,S.pattersoni,DCV-M,1,14,1.9510765737658764,NA
202,D.yak_DCV-M_1,D. yakuba,D.yakuba,DCV-M,1,12,4.502072766322315,NA
203,D.ame_DCV-M_1,D. americana,D.americana,DCV-M,1,15,5.133888432269616,NA
204,D.hyd_DCV-M_1,D. hydei,D.hydei,DCV-M,1,15,1.8955755915237555,NA
205,D.tak_DCV-M_1,D. takahashii,D.takahashii,DCV-M,1,15,5.604394092275799,NA
206,D.lac_DCV-M_1,D. lacicola,D.lacicola,DCV-M,1,14,4.1125744951765775,NA
207,D.ari_DCV-M_1,D. arizonae,D.arizonae,DCV-M,1,13,3.8989493422354222,NA
208,D.buz_DCV-M_1,D. buzzatii,D.buzzatii,DCV-M,1,15,3.911090678772009,NA
209,D.fla_DCV-M_1,D. flavomontana,D.flavomontana,DCV-M,1,15,5.603799756389951,NA
210,D.eur_DCV-M_1,D. euronotus,D.euronotus,DCV-M,1,14,4.931612933895198,NA
211,D.pro_DCV-C_1,D. prosaltans,D.prosaltans,DCV-C,1,14,5.327636904684331,NA
212,D.put_DCV-C_1,D. putrida,D.putrida,DCV-C,1,12,5.905373508,NA
213,D.bai_DCV-C_1,D. baimaii,D.baimaii,DCV-C,1,9,6.262601731566551,NA
214,D.imm_DCV-C_1,D. immigrans,D.immigrans,DCV-C,1,13,2.9799425201554204,NA
215,D.aff_DCV-C_1,D. affinis,D.affinis,DCV-C,1,8,7.272621243321381,NA
216,D.ere_DCV-C_1,D. erecta,D.erecta,DCV-C,1,13,3.451416987907321,NA
217,D.lac_DCV-C_1,D. lacicola,D.lacicola,DCV-C,1,12,4.728027462,NA
218,D.yak_DCV-C_1,D. yakuba,D.yakuba,DCV-C,1,10,3.750491962830588,NA
219,D.eur_DCV-C_1,D. euronotus,D.euronotus,DCV-C,1,13,4.887590236733165,NA
220,D.par_DCV-C_1,D. paramelanica,D.paramelanica,DCV-C,1,11,6.255227964945313,NA
221,D.ame_DCV-C_1,D. americana,D.americana,DCV-C,1,12,5.879354078756688,NA
222,D.san_DCV-C_1,D. santomea,D.santomea,DCV-C,1,14,4.272572264617153,NA
223,D.ana_DCV-C_1,D. ananassae,D.ananassae,DCV-C,1,15,5.955965530553733,NA
224,D.stu_DCV-C_1,D. sturtevanti,D.sturtevanti,DCV-C,1,13,3.0087810663079613,NA
225,D.nas_DCV-C_1,D. nasuta,D.nasuta,DCV-C,1,12,4.963264866182656,NA
226,D.hyd_DCV-C_1,D. hydei,D.hydei,DCV-C,1,15,0.9266718225298072,NA
227,D.suc_DCV-C_1,D. sucinea,D.sucinea,DCV-C,1,9,2.2994608442353828,NA
228,Z.dav_DCV-C_1,Z. davidi,Z.davidi,DCV-C,1,13,-0.355208132,NA
229,D.sal_DCV-C_1,D. saltans,D.saltans,DCV-C,1,15,3.961838726781208,NA
230,D.mel_DCV-C_1,D. melanogaster,D.melanogaster,DCV-C,1,13,5.3583134046061165,NA
231,D.tei_DCV-C_1,D. teisseri,D.teisseri,DCV-C,1,15,4.159983841225851,NA
232,D.mon_DCV-C_1,D. montana,D.montana,DCV-C,1,15,6.370137090000741,NA
233,D.per_DCV-C_1,D. persimilis,D.persimilis,DCV-C,1,15,6.115150608542971,NA
234,D.sim_DCV-C_1,D. simulans,D.simulans,DCV-C,1,11,5.848277657443567,NA
235,D.neb_DCV-C_1,D. nebulosa,D.nebulosa,DCV-C,1,11,5.352919443858489,NA
236,D.buz_DCV-C_1,D. buzzatii,D.buzzatii,DCV-C,1,13,5.014873633,NA
237,S.leb_DCV-C_1,S. lebanonensis,S.lebanonensis,DCV-C,1,15,4.409708972967922,NA
238,D.vir_DCV-C_1,D. virilis,D.virilis,DCV-C,1,15,3.401709216596259,NA
239,S.pat_DCV-C_1,S. pattersoni,S.pattersoni,DCV-C,1,15,4.102246518754123,NA
240,D.sub_DCV-C_1,D. subobscura,D.subobscura,DCV-C,1,12,4.048276708466208,NA
241,D.ari_DCV-C_1,D. arizonae,D.arizonae,DCV-C,1,14,4.190368366900235,NA
242,D.pse_DCV-C_1,D. pseudoobscura,D.pseudoobscura,DCV-C,1,14,5.692115476608149,NA
243,Z.tub_DCV-C_1,Z. tuberculatus,Z.tuberculatus,DCV-C,1,15,-0.355208132,NA
244,D.tak_DCV-C_1,D. takahashii,D.takahashii,DCV-C,1,15,3.5367671979105815,NA
245,D.fla_DCV-C_1,D. flavomontana,D.flavomontana,DCV-C,1,12,5.102863102374807,NA
246,D.neb_FHV_1,D. nebulosa,D.nebulosa,FHV,1,11,2.122200362157709,NA
247,D.san_FHV_1,D. santomea,D.santomea,FHV,1,13,2.632663579,NA
248,D.per_FHV_1,D. persimilis,D.persimilis,FHV,1,15,1.719779035413301,NA
249,D.sal_FHV_1,D. saltans,D.saltans,FHV,1,14,2.419364212005791,NA
250,D.nas_FHV_1,D. nasuta,D.nasuta,FHV,1,12,2.605097216109217,NA
251,D.eur_FHV_1,D. euronotus,D.euronotus,FHV,1,14,2.9878870372233615,NA
252,D.stu_FHV_1,D. sturtevanti,D.sturtevanti,FHV,1,15,0.9853478503666973,NA
253,D.vir_FHV_1,D. virilis,D.virilis,FHV,1,15,0.8443419528325057,NA
254,Z.tub_FHV_1,Z. tuberculatus,Z.tuberculatus,FHV,1,14,-0.540857042,NA
255,S.leb_FHV_1,S. lebanonensis,S.lebanonensis,FHV,1,10,2.1683072297172696,NA
256,D.mon_FHV_1,D. montana,D.montana,FHV,1,15,2.798809183156252,NA
257,D.suc_FHV_1,D. sucinea,D.sucinea,FHV,1,11,3.417002416,NA
258,D.pro_FHV_1,D. prosaltans,D.prosaltans,FHV,1,15,2.296317071182065,NA
259,D.buz_FHV_1,D. buzzatii,D.buzzatii,FHV,1,15,0.848718215,NA
260,D.pse_FHV_1,D. pseudoobscura,D.pseudoobscura,FHV,1,15,2.3313294495379853,NA
261,D.ari_FHV_1,D. arizonae,D.arizonae,FHV,1,14,1.2571946641847511,NA
262,D.mel_FHV_1,D. melanogaster,D.melanogaster,FHV,1,15,3.4468228163884964,NA
263,D.tak_FHV_1,D. takahashii,D.takahashii,FHV,1,15,2.7173529631224747,NA
264,D.ame_FHV_1,D. americana,D.americana,FHV,1,15,0.6460702156131465,NA
265,D.imm_FHV_1,D. immigrans,D.immigrans,FHV,1,14,1.3924107972385331,NA
266,D.lac_FHV_1,D. lacicola,D.lacicola,FHV,1,13,1.243810777424276,NA
267,D.sub_FHV_1,D. subobscura,D.subobscura,FHV,1,12,1.9762235600056155,NA
268,D.aff_FHV_1,D. affinis,D.affinis,FHV,1,14,2.169149288098534,NA
269,D.hyd_FHV_1,D. hydei,D.hydei,FHV,1,13,-0.479097892,NA
270,D.ere_FHV_1,D. erecta,D.erecta,FHV,1,14,1.945146832168763,NA
271,D.fla_FHV_1,D. flavomontana,D.flavomontana,FHV,1,14,1.7750236606964631,NA
272,D.tei_FHV_1,D. teisseri,D.teisseri,FHV,1,12,2.846957050593783,NA
273,D.par_FHV_1,D. paramelanica,D.paramelanica,FHV,1,13,0.48150378325655946,NA
274,D.bai_FHV_1,D. baimaii,D.baimaii,FHV,1,12,2.3905580612078623,NA
275,D.yak_FHV_1,D. yakuba,D.yakuba,FHV,1,13,2.7550951969155344,NA
276,D.sim_FHV_1,D. simulans,D.simulans,FHV,1,14,2.579761952448762,NA
277,D.ana_FHV_1,D. ananassae,D.ananassae,FHV,1,15,2.136379332418171,NA
278,S.pat_FHV_1,S. pattersoni,S.pattersoni,FHV,1,13,0.1349577370932921,NA
279,D.put_FHV_1,D. putrida,D.putrida,FHV,1,15,1.4155372631498488,NA
280,Z.dav_FHV_1,Z. davidi,Z.davidi,FHV,1,15,0.4194052930619995,NA
281,D.per_IIV6_1,D. persimilis,D.persimilis,IIV6,1,13,0.21598837082298575,NA
282,D.eur_IIV6_1,D. euronotus,D.euronotus,IIV6,1,15,2.066894227122529,NA
283,D.sal_IIV6_1,D. saltans,D.saltans,IIV6,1,15,2.079758378400408,NA
284,D.pro_IIV6_1,D. prosaltans,D.prosaltans,IIV6,1,15,1.550496150727902,NA
285,D.pse_IIV6_1,D. pseudoobscura,D.pseudoobscura,IIV6,1,14,0.2440984856333012,NA
286,D.aff_IIV6_1,D. affinis,D.affinis,IIV6,1,9,2.270380403448721,NA
287,S.pat_IIV6_1,S. pattersoni,S.pattersoni,IIV6,1,15,3.2041547558887906,NA
288,S.leb_IIV6_1,S. lebanonensis,S.lebanonensis,IIV6,1,14,3.0082140373647377,NA
289,D.ame_IIV6_1,D. americana,D.americana,IIV6,1,15,1.9546830063989429,NA
290,D.ana_IIV6_1,D. ananassae,D.ananassae,IIV6,1,10,0.9678057317583084,NA
291,D.tei_IIV6_1,D. teisseri,D.teisseri,IIV6,1,15,-0.945003886,NA
292,D.lac_IIV6_1,D. lacicola,D.lacicola,IIV6,1,15,1.9821830687536393,NA
293,D.put_IIV6_1,D. putrida,D.putrida,IIV6,1,13,2.7764176287000604,NA
294,D.bai_IIV6_1,D. baimaii,D.baimaii,IIV6,1,15,1.429177876026641,NA
295,D.imm_IIV6_1,D. immigrans,D.immigrans,IIV6,1,14,2.112160322400186,NA
296,D.vir_IIV6_1,D. virilis,D.virilis,IIV6,1,15,2.370004542471591,NA
297,D.par_IIV6_1,D. paramelanica,D.paramelanica,IIV6,1,15,2.6087655052856213,NA
298,D.mon_IIV6_1,D. montana,D.montana,IIV6,1,15,2.1578087221168074,NA
299,D.san_IIV6_1,D. santomea,D.santomea,IIV6,1,14,0.3892163710736444,NA
300,D.buz_IIV6_1,D. buzzatii,D.buzzatii,IIV6,1,12,1.3948427336343667,NA
301,D.hyd_IIV6_1,D. hydei,D.hydei,IIV6,1,15,0.3916582916235705,NA
302,D.yak_IIV6_1,D. yakuba,D.yakuba,IIV6,1,13,0.15457633929256442,NA
303,Z.tub_IIV6_1,Z. tuberculatus,Z.tuberculatus,IIV6,1,12,2.398675881,NA
304,Z.dav_IIV6_1,Z. davidi,Z.davidi,IIV6,1,13,2.3032208460439345,NA
305,D.sim_IIV6_1,D. simulans,D.simulans,IIV6,1,14,1.0721205562995149,NA
306,D.fla_IIV6_1,D. flavomontana,D.flavomontana,IIV6,1,15,2.924327561,NA
307,D.mel_IIV6_1,D. melanogaster,D.melanogaster,IIV6,1,15,2.812574221,NA
308,D.sub_IIV6_1,D. subobscura,D.subobscura,IIV6,1,7,2.50349532,NA
309,D.ari_IIV6_1,D. arizonae,D.arizonae,IIV6,1,13,2.4386711146633337,NA
310,D.suc_IIV6_1,D. sucinea,D.sucinea,IIV6,1,10,1.7638945542004814,NA
311,D.nas_IIV6_1,D. nasuta,D.nasuta,IIV6,1,14,1.6963284810460986,NA
312,D.neb_IIV6_1,D. nebulosa,D.nebulosa,IIV6,1,12,2.236425303977229,NA
313,D.tak_IIV6_1,D. takahashii,D.takahashii,IIV6,1,13,3.0667989098866895,NA
314,D.stu_IIV6_1,D. sturtevanti,D.sturtevanti,IIV6,1,8,0.5810716239079005,NA
315,D.ere_IIV6_1,D. erecta,D.erecta,IIV6,1,15,1.2265934034659138,NA
316,D.ana_DAV_1,D. ananassae,D.ananassae,DAV,1,11,3.811993015921068,NA
317,D.ari_DAV_1,D. arizonae,D.arizonae,DAV,1,10,3.9607285524456746,NA
318,D.ame_DAV_1,D. americana,D.americana,DAV,1,13,3.614686860513625,NA
319,D.tak_DAV_1,D. takahashii,D.takahashii,DAV,1,9,4.9889722258299605,NA
320,S.leb_DAV_1,S. lebanonensis,S.lebanonensis,DAV,1,15,4.1953095322717155,NA
321,D.lac_DAV_1,D. lacicola,D.lacicola,DAV,1,14,3.755527728990567,NA
322,D.pro_DAV_1,D. prosaltans,D.prosaltans,DAV,1,15,3.9974383940484106,NA
323,D.neb_DAV_1,D. nebulosa,D.nebulosa,DAV,1,15,2.946136490649594,NA
324,D.bai_DAV_1,D. baimaii,D.baimaii,DAV,1,8,1.5082067965001982,NA
325,D.yak_DAV_1,D. yakuba,D.yakuba,DAV,1,10,3.275275001932497,NA
326,D.mel_DAV_1,D. melanogaster,D.melanogaster,DAV,1,15,5.214835034703149,NA
327,D.stu_DAV_1,D. sturtevanti,D.sturtevanti,DAV,1,10,2.6249181911774264,NA
328,D.per_DAV_1,D. persimilis,D.persimilis,DAV,1,14,4.614888079999597,NA
329,Z.dav_DAV_1,Z. davidi,Z.davidi,DAV,1,13,2.4070660510789925,NA
330,D.pse_DAV_1,D. pseudoobscura,D.pseudoobscura,DAV,1,14,4.875513132024834,NA
331,D.nas_DAV_1,D. nasuta,D.nasuta,DAV,1,14,2.219353973774544,NA
332,D.vir_DAV_1,D. virilis,D.virilis,DAV,1,15,0.19781123154875935,NA
333,D.sub_DAV_1,D. subobscura,D.subobscura,DAV,1,14,5.202654442589707,NA
334,D.suc_DAV_1,D. sucinea,D.sucinea,DAV,1,10,1.8307475956082375,NA
335,D.hyd_DAV_1,D. hydei,D.hydei,DAV,1,15,2.916229463732141,NA
336,D.imm_DAV_1,D. immigrans,D.immigrans,DAV,1,15,2.1349217691228852,NA
337,D.tei_DAV_1,D. teisseri,D.teisseri,DAV,1,10,5.598445020524437,NA
338,D.ere_DAV_1,D. erecta,D.erecta,DAV,1,13,3.8914290275024097,NA
339,D.put_DAV_1,D. putrida,D.putrida,DAV,1,11,1.7892208852508018,NA
340,D.fla_DAV_1,D. flavomontana,D.flavomontana,DAV,1,15,4.310881518537054,NA
341,D.aff_DAV_1,D. affinis,D.affinis,DAV,1,14,4.6026498613826705,NA
342,D.sal_DAV_1,D. saltans,D.saltans,DAV,1,15,4.050008865257124,NA
343,Z.tub_DAV_1,Z. tuberculatus,Z.tuberculatus,DAV,1,14,2.061081122472683,NA
344,S.pat_DAV_1,S. pattersoni,S.pattersoni,DAV,1,15,3.940546710204874,NA
345,D.sim_DAV_1,D. simulans,D.simulans,DAV,1,12,2.475232230668884,NA
346,D.eur_DAV_1,D. euronotus,D.euronotus,DAV,1,11,3.5532054867653695,NA
347,D.mon_DAV_1,D. montana,D.montana,DAV,1,15,3.5989135581630753,NA
348,D.buz_DAV_1,D. buzzatii,D.buzzatii,DAV,1,12,3.117116048262316,NA
349,D.san_DAV_1,D. santomea,D.santomea,DAV,1,13,3.7936754120674303,NA
350,D.par_DAV_1,D. paramelanica,D.paramelanica,DAV,1,12,3.7586114105130335,NA
351,D.eur_CrPV-VIC_1,D. euronotus,D.euronotus,CrPV-VIC,1,14,2.710181548547975,NA
352,D.sim_CrPV-VIC_1,D. simulans,D.simulans,CrPV-VIC,1,15,2.330623395804903,NA
353,D.buz_CrPV-VIC_1,D. buzzatii,D.buzzatii,CrPV-VIC,1,14,2.726417829362127,NA
354,S.pat_CrPV-VIC_1,S. pattersoni,S.pattersoni,CrPV-VIC,1,15,2.576401603042175,NA
355,D.lac_CrPV-VIC_1,D. lacicola,D.lacicola,CrPV-VIC,1,15,2.7216275213176053,NA
356,Z.dav_CrPV-VIC_1,Z. davidi,Z.davidi,CrPV-VIC,1,15,2.0140660596135165,NA
357,D.tak_CrPV-VIC_1,D. takahashii,D.takahashii,CrPV-VIC,1,13,3.3605759330208724,NA
358,D.suc_CrPV-VIC_1,D. sucinea,D.sucinea,CrPV-VIC,1,12,3.3895049768187833,NA
359,D.ari_CrPV-VIC_1,D. arizonae,D.arizonae,CrPV-VIC,1,12,1.7754923180056204,NA
360,D.yak_CrPV-VIC_1,D. yakuba,D.yakuba,CrPV-VIC,1,12,1.852801394572287,NA
361,D.aff_CrPV-VIC_1,D. affinis,D.affinis,CrPV-VIC,1,14,4.489623712599385,NA
362,D.sal_CrPV-VIC_1,D. saltans,D.saltans,CrPV-VIC,1,15,3.3373865599699184,NA
363,Z.tub_CrPV-VIC_1,Z. tuberculatus,Z.tuberculatus,CrPV-VIC,1,15,1.440310996,NA
364,D.ere_CrPV-VIC_1,D. erecta,D.erecta,CrPV-VIC,1,14,1.6935681860744056,NA
365,D.sub_CrPV-VIC_1,D. subobscura,D.subobscura,CrPV-VIC,1,14,3.1403297411074247,NA
366,D.pro_CrPV-VIC_1,D. prosaltans,D.prosaltans,CrPV-VIC,1,15,3.2187192907312805,NA
367,D.tei_CrPV-VIC_1,D. teisseri,D.teisseri,CrPV-VIC,1,14,3.1961267802726283,NA
368,D.put_CrPV-VIC_1,D. putrida,D.putrida,CrPV-VIC,1,13,1.843748112417159,NA
369,D.ame_CrPV-VIC_1,D. americana,D.americana,CrPV-VIC,1,14,3.5598513180176736,NA
370,D.per_CrPV-VIC_1,D. persimilis,D.persimilis,CrPV-VIC,1,15,4.745541869,NA
371,D.san_CrPV-VIC_1,D. santomea,D.santomea,CrPV-VIC,1,14,2.450890464680425,NA
372,D.mon_CrPV-VIC_1,D. montana,D.montana,CrPV-VIC,1,15,3.9807077823893224,NA
373,D.fla_CrPV-VIC_1,D. flavomontana,D.flavomontana,CrPV-VIC,1,13,3.6905384886525336,NA
374,S.leb_CrPV-VIC_1,S. lebanonensis,S.lebanonensis,CrPV-VIC,1,12,3.554388193903666,NA
375,D.nas_CrPV-VIC_1,D. nasuta,D.nasuta,CrPV-VIC,1,15,3.067090533686755,NA
376,D.par_CrPV-VIC_1,D. paramelanica,D.paramelanica,CrPV-VIC,1,13,3.834976196368188,NA
377,D.stu_CrPV-VIC_1,D. sturtevanti,D.sturtevanti,CrPV-VIC,1,7,1.0713837243320803,NA
378,D.pse_CrPV-VIC_1,D. pseudoobscura,D.pseudoobscura,CrPV-VIC,1,14,4.147193284214356,NA
379,D.vir_CrPV-VIC_1,D. virilis,D.virilis,CrPV-VIC,1,15,0.2883446044962708,NA
380,D.mel_CrPV-VIC_1,D. melanogaster,D.melanogaster,CrPV-VIC,1,15,2.200462308,NA
381,D.neb_CrPV-VIC_1,D. nebulosa,D.nebulosa,CrPV-VIC,1,10,1.9939738921931267,NA
382,D.ana_CrPV-VIC_1,D. ananassae,D.ananassae,CrPV-VIC,1,15,4.754678945682346,NA
383,D.bai_CrPV-VIC_1,D. baimaii,D.baimaii,CrPV-VIC,1,12,2.985990978784317,NA
384,D.hyd_CrPV-VIC_1,D. hydei,D.hydei,CrPV-VIC,1,13,1.3401841347900378,NA
385,D.imm_CrPV-VIC_1,D. immigrans,D.immigrans,CrPV-VIC,1,15,0.42122748552731887,NA
386,D.bai_DCV-C_2,D. baimaii,D.baimaii,DCV-C,2,14,6.809977444020975,NA
387,D.neb_DCV-C_2,D. nebulosa,D.nebulosa,DCV-C,2,14,5.842827048,NA
388,D.stu_DCV-C_2,D. sturtevanti,D.sturtevanti,DCV-C,2,7,NA,Omitted due to melt-curve contaminants
389,D.ari_DCV-C_2,D. arizonae,D.arizonae,DCV-C,2,13,3.830861421074037,NA
390,D.fla_DCV-C_2,D. flavomontana,D.flavomontana,DCV-C,2,13,6.685151583109154,NA
391,Z.tub_DCV-C_2,Z. tuberculatus,Z.tuberculatus,DCV-C,2,15,-0.355208132,NA
392,D.pse_DCV-C_2,D. pseudoobscura,D.pseudoobscura,DCV-C,2,15,4.136082274488176,NA
393,D.suc_DCV-C_2,D. sucinea,D.sucinea,DCV-C,2,11,2.5662203220319646,NA
394,Z.dav_DCV-C_2,Z. davidi,Z.davidi,DCV-C,2,15,-0.355208132,NA
395,D.ame_DCV-C_2,D. americana,D.americana,DCV-C,2,10,6.525317305248667,NA
396,D.par_DCV-C_2,D. paramelanica,D.paramelanica,DCV-C,2,15,7.186402349693961,NA
397,D.hyd_DCV-C_2,D. hydei,D.hydei,DCV-C,2,14,1.590090227,NA
398,D.sal_DCV-C_2,D. saltans,D.saltans,DCV-C,2,12,6.095607574623681,NA
399,D.sim_DCV-C_2,D. simulans,D.simulans,DCV-C,2,15,7.165153414933517,NA
400,D.yak_DCV-C_2,D. yakuba,D.yakuba,DCV-C,2,11,2.301177532424206,NA
401,S.pat_DCV-C_2,S. pattersoni,S.pattersoni,DCV-C,2,15,4.861827688932429,NA
402,D.per_DCV-C_2,D. persimilis,D.persimilis,DCV-C,2,15,7.705465589616581,NA
403,D.tak_DCV-C_2,D. takahashii,D.takahashii,DCV-C,2,13,6.9498585525483705,NA
404,D.buz_DCV-C_2,D. buzzatii,D.buzzatii,DCV-C,2,13,6.025290296223624,NA
405,D.put_DCV-C_2,D. putrida,D.putrida,DCV-C,2,14,7.1419573254732995,NA
406,D.aff_DCV-C_2,D. affinis,D.affinis,DCV-C,2,15,8.317935963026338,NA
407,D.nas_DCV-C_2,D. nasuta,D.nasuta,DCV-C,2,14,6.375351929900678,NA
408,D.mon_DCV-C_2,D. montana,D.montana,DCV-C,2,15,6.970158576848446,NA
409,D.pro_DCV-C_2,D. prosaltans,D.prosaltans,DCV-C,2,15,5.010571171957582,NA
410,D.mel_DCV-C_2,D. melanogaster,D.melanogaster,DCV-C,2,15,4.449561328808805,NA
411,S.leb_DCV-C_2,S. lebanonensis,S.lebanonensis,DCV-C,2,14,6.096374897548255,NA
412,D.vir_DCV-C_2,D. virilis,D.virilis,DCV-C,2,15,3.0496824130715723,NA
413,D.eur_DCV-C_2,D. euronotus,D.euronotus,DCV-C,2,15,5.482010389657138,NA
414,D.ana_DCV-C_2,D. ananassae,D.ananassae,DCV-C,2,14,7.760869049051782,NA
415,D.tei_DCV-C_2,D. teisseri,D.teisseri,DCV-C,2,13,6.022118499195965,NA
416,D.san_DCV-C_2,D. santomea,D.santomea,DCV-C,2,11,4.633858854086809,NA
417,D.lac_DCV-C_2,D. lacicola,D.lacicola,DCV-C,2,11,5.236140882,NA
418,D.sub_DCV-C_2,D. subobscura,D.subobscura,DCV-C,2,10,6.338542214879661,NA
419,D.imm_DCV-C_2,D. immigrans,D.immigrans,DCV-C,2,14,2.5549659056900085,NA
420,D.ere_DCV-C_2,D. erecta,D.erecta,DCV-C,2,13,4.006383843,NA
421,D.stu_CrPV-VIC_2,D. sturtevanti,D.sturtevanti,CrPV-VIC,2,9,-0.556098702,NA
422,S.pat_CrPV-VIC_2,S. pattersoni,S.pattersoni,CrPV-VIC,2,14,3.362107055520273,NA
423,D.aff_CrPV-VIC_2,D. affinis,D.affinis,CrPV-VIC,2,13,4.125108331427885,NA
424,D.par_CrPV-VIC_2,D. paramelanica,D.paramelanica,CrPV-VIC,2,12,3.5803798840274994,NA
425,D.ari_CrPV-VIC_2,D. arizonae,D.arizonae,CrPV-VIC,2,14,3.0154379631479187,NA
426,D.neb_CrPV-VIC_2,D. nebulosa,D.nebulosa,CrPV-VIC,2,8,3.774859455086459,NA
427,D.nas_CrPV-VIC_2,D. nasuta,D.nasuta,CrPV-VIC,2,14,3.4828932612809727,NA
428,D.tak_CrPV-VIC_2,D. takahashii,D.takahashii,CrPV-VIC,2,15,3.544200962750806,NA
429,D.vir_CrPV-VIC_2,D. virilis,D.virilis,CrPV-VIC,2,15,1.5746122658096835,NA
430,D.ere_CrPV-VIC_2,D. erecta,D.erecta,CrPV-VIC,2,15,2.021906257140618,NA
431,Z.tub_CrPV-VIC_2,Z. tuberculatus,Z.tuberculatus,CrPV-VIC,2,14,3.8020300513626903,NA
432,D.sal_CrPV-VIC_2,D. saltans,D.saltans,CrPV-VIC,2,15,4.06975186,NA
433,D.sub_CrPV-VIC_2,D. subobscura,D.subobscura,CrPV-VIC,2,14,3.893044628111157,NA
434,D.eur_CrPV-VIC_2,D. euronotus,D.euronotus,CrPV-VIC,2,13,3.3555010050944167,NA
435,D.sim_CrPV-VIC_2,D. simulans,D.simulans,CrPV-VIC,2,15,3.055317371967442,NA
436,D.mon_CrPV-VIC_2,D. montana,D.montana,CrPV-VIC,2,14,4.115485358,NA
437,D.mel_CrPV-VIC_2,D. melanogaster,D.melanogaster,CrPV-VIC,2,13,2.0220395387410046,NA
438,D.ame_CrPV-VIC_2,D. americana,D.americana,CrPV-VIC,2,11,4.140966334097566,NA
439,D.lac_CrPV-VIC_2,D. lacicola,D.lacicola,CrPV-VIC,2,12,2.803411173146388,NA
440,D.hyd_CrPV-VIC_2,D. hydei,D.hydei,CrPV-VIC,2,15,1.3355981504981542,NA
441,D.pro_CrPV-VIC_2,D. prosaltans,D.prosaltans,CrPV-VIC,2,13,4.592074282511132,NA
442,D.imm_CrPV-VIC_2,D. immigrans,D.immigrans,CrPV-VIC,2,15,1.1441307852904234,NA
443,D.fla_CrPV-VIC_2,D. flavomontana,D.flavomontana,CrPV-VIC,2,15,3.4796893519100327,NA
444,D.bai_CrPV-VIC_2,D. baimaii,D.baimaii,CrPV-VIC,2,11,3.8309190144048855,NA
445,D.ana_CrPV-VIC_2,D. ananassae,D.ananassae,CrPV-VIC,2,15,5.579123626407042,NA
446,D.buz_CrPV-VIC_2,D. buzzatii,D.buzzatii,CrPV-VIC,2,14,2.9716797412904294,NA
447,D.san_CrPV-VIC_2,D. santomea,D.santomea,CrPV-VIC,2,15,2.8884066992732396,NA
448,D.yak_CrPV-VIC_2,D. yakuba,D.yakuba,CrPV-VIC,2,12,1.7753189509329774,NA
449,S.leb_CrPV-VIC_2,S. lebanonensis,S.lebanonensis,CrPV-VIC,2,13,2.7710478557339475,NA
450,D.tei_CrPV-VIC_2,D. teisseri,D.teisseri,CrPV-VIC,2,12,3.344540192243143,NA
451,D.suc_CrPV-VIC_2,D. sucinea,D.sucinea,CrPV-VIC,2,10,3.729890824702127,NA
452,D.put_CrPV-VIC_2,D. putrida,D.putrida,CrPV-VIC,2,13,2.2648733424153753,NA
453,D.pse_CrPV-VIC_2,D. pseudoobscura,D.pseudoobscura,CrPV-VIC,2,15,4.577188026403094,NA
454,Z.dav_CrPV-VIC_2,Z. davidi,Z.davidi,CrPV-VIC,2,15,2.5176277125196163,NA
455,D.per_CrPV-VIC_2,D. persimilis,D.persimilis,CrPV-VIC,2,12,4.879935655854607,NA
456,D.yak_BFV_2,D. yakuba,D.yakuba,BFV,2,15,-3.355640687,NA
457,D.imm_BFV_2,D. immigrans,D.immigrans,BFV,2,14,-3.920908893,NA
458,D.sal_BFV_2,D. saltans,D.saltans,BFV,2,13,-3.920908893,NA
459,D.tak_BFV_2,D. takahashii,D.takahashii,BFV,2,15,-3.920908893,NA
460,D.ari_BFV_2,D. arizonae,D.arizonae,BFV,2,15,-3.920908893,NA
461,D.eur_BFV_2,D. euronotus,D.euronotus,BFV,2,14,-3.920908893,NA
462,D.aff_BFV_2,D. affinis,D.affinis,BFV,2,11,-3.920908893,NA
463,S.leb_BFV_2,S. lebanonensis,S.lebanonensis,BFV,2,15,-3.920908893,NA
464,D.hyd_BFV_2,D. hydei,D.hydei,BFV,2,14,-3.920908893,NA
465,Z.dav_BFV_2,Z. davidi,Z.davidi,BFV,2,15,-3.920908893,NA
466,D.pse_BFV_2,D. pseudoobscura,D.pseudoobscura,BFV,2,13,-3.920908893,NA
467,D.mon_BFV_2,D. montana,D.montana,BFV,2,15,-1.867934541,NA
468,D.vir_BFV_2,D. virilis,D.virilis,BFV,2,15,-3.683379696,NA
469,D.lac_BFV_2,D. lacicola,D.lacicola,BFV,2,13,-3.920908893,NA
470,D.neb_BFV_2,D. nebulosa,D.nebulosa,BFV,2,11,-3.920908893,NA
471,D.ere_BFV_2,D. erecta,D.erecta,BFV,2,14,-3.920908893,NA
472,D.pro_BFV_2,D. prosaltans,D.prosaltans,BFV,2,15,-3.920908893,NA
473,D.put_BFV_2,D. putrida,D.putrida,BFV,2,15,-3.920908893,NA
474,D.nas_BFV_2,D. nasuta,D.nasuta,BFV,2,14,-3.920908893,NA
475,D.buz_BFV_2,D. buzzatii,D.buzzatii,BFV,2,15,-3.920908893,NA
476,Z.tub_BFV_2,Z. tuberculatus,Z.tuberculatus,BFV,2,14,-3.920908893,NA
477,D.bai_BFV_2,D. baimaii,D.baimaii,BFV,2,10,-3.920908893,NA
478,D.ana_BFV_2,D. ananassae,D.ananassae,BFV,2,15,-3.174544354,NA
479,D.san_BFV_2,D. santomea,D.santomea,BFV,2,13,-2.067365212,NA
480,D.par_BFV_2,D. paramelanica,D.paramelanica,BFV,2,13,-3.920908893,NA
481,D.sub_BFV_2,D. subobscura,D.subobscura,BFV,2,14,-3.169899762,NA
482,S.pat_BFV_2,S. pattersoni,S.pattersoni,BFV,2,15,-3.920908893,NA
483,D.sim_BFV_2,D. simulans,D.simulans,BFV,2,15,-3.133766733,NA
484,D.per_BFV_2,D. persimilis,D.persimilis,BFV,2,14,-3.920908893,NA
485,D.suc_BFV_2,D. sucinea,D.sucinea,BFV,2,13,-3.920908893,NA
486,D.tei_BFV_2,D. teisseri,D.teisseri,BFV,2,12,-3.920908893,NA
487,D.mel_BFV_2,D. melanogaster,D.melanogaster,BFV,2,14,-3.920908893,NA
488,D.ame_BFV_2,D. americana,D.americana,BFV,2,14,-1.268344681,NA
489,D.fla_BFV_2,D. flavomontana,D.flavomontana,BFV,2,15,-1.994121812,NA
490,D.stu_BFV_2,D. sturtevanti,D.sturtevanti,BFV,2,8,-3.920908893,NA
491,D.per_IIV6_2,D. persimilis,D.persimilis,IIV6,2,14,0.6196091086343016,NA
492,D.eur_IIV6_2,D. euronotus,D.euronotus,IIV6,2,15,2.186647605,NA
493,D.tak_IIV6_2,D. takahashii,D.takahashii,IIV6,2,15,2.7140043850379993,NA
494,D.san_IIV6_2,D. santomea,D.santomea,IIV6,2,14,0.7117174174308896,NA
495,D.nas_IIV6_2,D. nasuta,D.nasuta,IIV6,2,11,2.2208245158235953,NA
496,D.mon_IIV6_2,D. montana,D.montana,IIV6,2,15,2.308568631030867,NA
497,D.buz_IIV6_2,D. buzzatii,D.buzzatii,IIV6,2,14,1.5025041179944336,NA
498,D.ere_IIV6_2,D. erecta,D.erecta,IIV6,2,11,-0.766286281,NA
499,D.bai_IIV6_2,D. baimaii,D.baimaii,IIV6,2,15,0.9474845865772984,NA
500,D.stu_IIV6_2,D. sturtevanti,D.sturtevanti,IIV6,2,7,-2.488645645,NA
501,D.vir_IIV6_2,D. virilis,D.virilis,IIV6,2,15,2.3221238898007237,NA
502,D.pse_IIV6_2,D. pseudoobscura,D.pseudoobscura,IIV6,2,14,0.6860846180733191,NA
503,S.leb_IIV6_2,S. lebanonensis,S.lebanonensis,IIV6,2,15,2.7852328332934393,NA
504,D.tei_IIV6_2,D. teisseri,D.teisseri,IIV6,2,13,0.9611338553971376,NA
505,D.mel_IIV6_2,D. melanogaster,D.melanogaster,IIV6,2,15,1.9476626329203923,NA
506,D.sub_IIV6_2,D. subobscura,D.subobscura,IIV6,2,14,2.388702633250947,NA
507,D.ari_IIV6_2,D. arizonae,D.arizonae,IIV6,2,15,2.131559093350757,NA
508,D.put_IIV6_2,D. putrida,D.putrida,IIV6,2,14,2.677330799856366,NA
509,D.ana_IIV6_2,D. ananassae,D.ananassae,IIV6,2,12,0.7034614762891708,NA
510,D.imm_IIV6_2,D. immigrans,D.immigrans,IIV6,2,10,2.2364706858670056,NA
511,D.suc_IIV6_2,D. sucinea,D.sucinea,IIV6,2,12,1.4187820994157851,NA
512,D.pro_IIV6_2,D. prosaltans,D.prosaltans,IIV6,2,14,1.9226153022893764,NA
513,Z.dav_IIV6_2,Z. davidi,Z.davidi,IIV6,2,15,1.536795432725509,NA
514,D.yak_IIV6_2,D. yakuba,D.yakuba,IIV6,2,15,-1.023059997,NA
515,D.par_IIV6_2,D. paramelanica,D.paramelanica,IIV6,2,14,2.2730092753603026,NA
516,D.lac_IIV6_2,D. lacicola,D.lacicola,IIV6,2,14,2.713534552701957,NA
517,D.neb_IIV6_2,D. nebulosa,D.nebulosa,IIV6,2,13,1.6896423743771245,NA
518,D.sim_IIV6_2,D. simulans,D.simulans,IIV6,2,15,1.5949967920828498,NA
519,Z.tub_IIV6_2,Z. tuberculatus,Z.tuberculatus,IIV6,2,13,2.183466129601402,NA
520,D.hyd_IIV6_2,D. hydei,D.hydei,IIV6,2,15,0.984587033,NA
521,D.fla_IIV6_2,D. flavomontana,D.flavomontana,IIV6,2,14,2.617380262795508,NA
522,S.pat_IIV6_2,S. pattersoni,S.pattersoni,IIV6,2,7,2.690504155903911,NA
523,D.ame_IIV6_2,D. americana,D.americana,IIV6,2,15,2.185184154,NA
524,D.sal_IIV6_2,D. saltans,D.saltans,IIV6,2,14,2.0832775644807504,NA
525,D.aff_IIV6_2,D. affinis,D.affinis,IIV6,2,15,2.201014329052386,NA
526,D.tak_DCV-EB_2,D. takahashii,D.takahashii,DCV-EB,2,15,7.255589321183957,NA
527,Z.dav_DCV-EB_2,Z. davidi,Z.davidi,DCV-EB,2,15,0.32256459059630405,NA
528,D.nas_DCV-EB_2,D. nasuta,D.nasuta,DCV-EB,2,14,5.921351517069312,NA
529,D.sal_DCV-EB_2,D. saltans,D.saltans,DCV-EB,2,14,5.6068433660485875,NA
530,D.ari_DCV-EB_2,D. arizonae,D.arizonae,DCV-EB,2,15,5.5743988768714265,NA
531,D.san_DCV-EB_2,D. santomea,D.santomea,DCV-EB,2,12,5.483136146678782,NA
532,D.mel_DCV-EB_2,D. melanogaster,D.melanogaster,DCV-EB,2,15,6.675241237936794,NA
533,Z.tub_DCV-EB_2,Z. tuberculatus,Z.tuberculatus,DCV-EB,2,15,0.2665329616842027,NA
534,D.per_DCV-EB_2,D. persimilis,D.persimilis,DCV-EB,2,14,7.465512815200589,NA
535,S.pat_DCV-EB_2,S. pattersoni,S.pattersoni,DCV-EB,2,15,4.873339740879195,NA
536,D.ame_DCV-EB_2,D. americana,D.americana,DCV-EB,2,15,6.693714721203726,NA
537,D.pse_DCV-EB_2,D. pseudoobscura,D.pseudoobscura,DCV-EB,2,15,7.120775176,NA
538,D.bai_DCV-EB_2,D. baimaii,D.baimaii,DCV-EB,2,12,6.434777570569856,NA
539,D.par_DCV-EB_2,D. paramelanica,D.paramelanica,DCV-EB,2,14,6.560295659575273,NA
540,D.vir_DCV-EB_2,D. virilis,D.virilis,DCV-EB,2,15,2.2019977369470984,NA
541,D.sim_DCV-EB_2,D. simulans,D.simulans,DCV-EB,2,14,6.647401528433537,NA
542,D.mon_DCV-EB_2,D. montana,D.montana,DCV-EB,2,15,6.456428659032614,NA
543,D.neb_DCV-EB_2,D. nebulosa,D.nebulosa,DCV-EB,2,12,6.204107027567052,NA
544,D.sub_DCV-EB_2,D. subobscura,D.subobscura,DCV-EB,2,15,6.152730294693321,NA
545,D.put_DCV-EB_2,D. putrida,D.putrida,DCV-EB,2,15,5.968018295261251,NA
546,D.aff_DCV-EB_2,D. affinis,D.affinis,DCV-EB,2,14,7.449620164044444,NA
547,S.leb_DCV-EB_2,S. lebanonensis,S.lebanonensis,DCV-EB,2,14,5.456687927327839,NA
548,D.fla_DCV-EB_2,D. flavomontana,D.flavomontana,DCV-EB,2,14,6.742549324,NA
549,D.hyd_DCV-EB_2,D. hydei,D.hydei,DCV-EB,2,14,2.356366048031854,NA
550,D.imm_DCV-EB_2,D. immigrans,D.immigrans,DCV-EB,2,15,4.333960254268805,NA
551,D.ere_DCV-EB_2,D. erecta,D.erecta,DCV-EB,2,13,5.920706267278022,NA
552,D.ana_DCV-EB_2,D. ananassae,D.ananassae,DCV-EB,2,13,7.336761625250003,NA
553,D.lac_DCV-EB_2,D. lacicola,D.lacicola,DCV-EB,2,13,5.475409766802058,NA
554,D.tei_DCV-EB_2,D. teisseri,D.teisseri,DCV-EB,2,13,5.041847457783604,NA
555,D.buz_DCV-EB_2,D. buzzatii,D.buzzatii,DCV-EB,2,15,5.8119050172756115,NA
556,D.suc_DCV-EB_2,D. sucinea,D.sucinea,DCV-EB,2,14,2.888359352061814,NA
557,D.yak_DCV-EB_2,D. yakuba,D.yakuba,DCV-EB,2,13,3.948547431749308,NA
558,D.pro_DCV-EB_2,D. prosaltans,D.prosaltans,DCV-EB,2,14,4.267806424330932,NA
559,D.stu_DCV-EB_2,D. sturtevanti,D.sturtevanti,DCV-EB,2,7,-0.230423031,NA
560,D.eur_DCV-EB_2,D. euronotus,D.euronotus,DCV-EB,2,13,5.775951802713702,NA
561,D.aff_DAV_2,D. affinis,D.affinis,DAV,2,14,5.433961487585231,NA
562,D.put_DAV_2,D. putrida,D.putrida,DAV,2,11,2.1544013097970156,NA
563,D.san_DAV_2,D. santomea,D.santomea,DAV,2,13,4.251422011443828,NA
564,D.lac_DAV_2,D. lacicola,D.lacicola,DAV,2,14,3.0545556799410405,NA
565,D.mel_DAV_2,D. melanogaster,D.melanogaster,DAV,2,14,5.216815815134086,NA
566,D.bai_DAV_2,D. baimaii,D.baimaii,DAV,2,14,1.2535063036786904,NA
567,D.eur_DAV_2,D. euronotus,D.euronotus,DAV,2,14,2.0222841873264814,NA
568,D.tei_DAV_2,D. teisseri,D.teisseri,DAV,2,14,4.0366955591141345,NA
569,D.fla_DAV_2,D. flavomontana,D.flavomontana,DAV,2,15,2.686734007524801,NA
570,D.pse_DAV_2,D. pseudoobscura,D.pseudoobscura,DAV,2,15,4.855309706583262,NA
571,D.mon_DAV_2,D. montana,D.montana,DAV,2,15,3.4807507553188777,NA
572,D.suc_DAV_2,D. sucinea,D.sucinea,DAV,2,11,3.2173334183604747,NA
573,D.nas_DAV_2,D. nasuta,D.nasuta,DAV,2,11,2.5229839732902812,NA
574,D.sub_DAV_2,D. subobscura,D.subobscura,DAV,2,15,3.5299389281039164,NA
575,D.vir_DAV_2,D. virilis,D.virilis,DAV,2,15,1.1488485766796928,NA
576,D.tak_DAV_2,D. takahashii,D.takahashii,DAV,2,15,4.712762505269537,NA
577,D.per_DAV_2,D. persimilis,D.persimilis,DAV,2,14,5.433002915,NA
578,D.ame_DAV_2,D. americana,D.americana,DAV,2,13,2.930413852157859,NA
579,D.ana_DAV_2,D. ananassae,D.ananassae,DAV,2,14,3.5829741530637684,NA
580,D.pro_DAV_2,D. prosaltans,D.prosaltans,DAV,2,14,4.156054784411292,NA
581,D.yak_DAV_2,D. yakuba,D.yakuba,DAV,2,10,3.0137103832052383,NA
582,Z.tub_DAV_2,Z. tuberculatus,Z.tuberculatus,DAV,2,14,2.1079700383678297,NA
583,D.sal_DAV_2,D. saltans,D.saltans,DAV,2,15,2.121129274214248,NA
584,Z.dav_DAV_2,Z. davidi,Z.davidi,DAV,2,15,1.959994043230202,NA
585,D.hyd_DAV_2,D. hydei,D.hydei,DAV,2,15,1.5172958976871158,NA
586,S.leb_DAV_2,S. lebanonensis,S.lebanonensis,DAV,2,9,4.887997805989235,NA
587,D.buz_DAV_2,D. buzzatii,D.buzzatii,DAV,2,15,3.0286055154399847,NA
588,D.par_DAV_2,D. paramelanica,D.paramelanica,DAV,2,13,3.4719740887432953,NA
589,D.sim_DAV_2,D. simulans,D.simulans,DAV,2,15,1.497145052806692,NA
590,D.neb_DAV_2,D. nebulosa,D.nebulosa,DAV,2,9,2.8538837028334867,NA
591,D.stu_DAV_2,D. sturtevanti,D.sturtevanti,DAV,2,7,3.447351206,NA
592,D.imm_DAV_2,D. immigrans,D.immigrans,DAV,2,15,0.7546667230033987,NA
593,S.pat_DAV_2,S. pattersoni,S.pattersoni,DAV,2,15,2.751542462,NA
594,D.ere_DAV_2,D. erecta,D.erecta,DAV,2,15,3.1589189293423425,NA
595,D.ari_DAV_2,D. arizonae,D.arizonae,DAV,2,13,4.335108012443571,NA
596,D.suc_Nora_2,D. sucinea,D.sucinea,DmelNv,2,10,1.4334862018381491,NA
597,S.pat_Nora_2,S. pattersoni,S.pattersoni,DmelNv,2,15,-0.656883908,NA
598,D.lac_Nora_2,D. lacicola,D.lacicola,DmelNv,2,13,-0.500715152,NA
599,D.fla_Nora_2,D. flavomontana,D.flavomontana,DmelNv,2,15,1.2662014898475893,NA
600,D.vir_Nora_2,D. virilis,D.virilis,DmelNv,2,14,-0.517073071,NA
601,D.hyd_Nora_2,D. hydei,D.hydei,DmelNv,2,13,NA,Omitted due to melt-curve contaminants
602,D.sim_Nora_2,D. simulans,D.simulans,DmelNv,2,14,2.771506073209427,NA
603,D.imm_Nora_2,D. immigrans,D.immigrans,DmelNv,2,15,0.42202299187218023,NA
604,D.ana_Nora_2,D. ananassae,D.ananassae,DmelNv,2,14,0.7572359710231463,NA
605,D.pse_Nora_2,D. pseudoobscura,D.pseudoobscura,DmelNv,2,15,1.6358950681175255,NA
606,D.tei_Nora_2,D. teisseri,D.teisseri,DmelNv,2,12,2.0290941303857823,NA
607,D.san_Nora_2,D. santomea,D.santomea,DmelNv,2,13,2.9490341105549267,NA
608,Z.dav_Nora_2,Z. davidi,Z.davidi,DmelNv,2,15,0.015292538,NA
609,D.par_Nora_2,D. paramelanica,D.paramelanica,DmelNv,2,12,0.7856746793329814,NA
610,D.pro_Nora_2,D. prosaltans,D.prosaltans,DmelNv,2,15,2.0934493705236528,NA
611,D.bai_Nora_2,D. baimaii,D.baimaii,DmelNv,2,10,0.913360011,NA
612,D.stu_Nora_2,D. sturtevanti,D.sturtevanti,DmelNv,2,8,-0.613229838,NA
613,D.eur_Nora_2,D. euronotus,D.euronotus,DmelNv,2,14,0.5796475321341034,NA
614,D.tak_Nora_2,D. takahashii,D.takahashii,DmelNv,2,15,2.953145605182007,NA
615,D.sal_Nora_2,D. saltans,D.saltans,DmelNv,2,15,1.2128458242466236,NA
616,D.ame_Nora_2,D. americana,D.americana,DmelNv,2,14,-0.422378172,NA
617,S.leb_Nora_2,S. lebanonensis,S.lebanonensis,DmelNv,2,14,-1.289344118,NA
618,D.neb_Nora_2,D. nebulosa,D.nebulosa,DmelNv,2,10,0.921299728,NA
619,D.nas_Nora_2,D. nasuta,D.nasuta,DmelNv,2,14,1.039201283872454,NA
620,D.put_Nora_2,D. putrida,D.putrida,DmelNv,2,11,1.1017660075662783,NA
621,D.aff_Nora_2,D. affinis,D.affinis,DmelNv,2,14,2.388618587977461,NA
622,D.yak_Nora_2,D. yakuba,D.yakuba,DmelNv,2,7,1.198196760441382,NA
623,D.sub_Nora_2,D. subobscura,D.subobscura,DmelNv,2,13,1.1089451698636503,NA
624,D.ere_Nora_2,D. erecta,D.erecta,DmelNv,2,13,2.0947235426409656,NA
625,D.mon_Nora_2,D. montana,D.montana,DmelNv,2,13,0.2695007462797097,NA
626,D.mel_Nora_2,D. melanogaster,D.melanogaster,DmelNv,2,15,2.0623545471686606,NA
627,D.ari_Nora_2,D. arizonae,D.arizonae,DmelNv,2,15,0.8149389467457129,NA
628,Z.tub_Nora_2,Z. tuberculatus,Z.tuberculatus,DmelNv,2,15,-0.434509162,NA
629,D.buz_Nora_2,D. buzzatii,D.buzzatii,DmelNv,2,15,1.400614522842991,NA
630,D.per_Nora_2,D. persimilis,D.persimilis,DmelNv,2,13,1.3909013944092317,NA
631,D.mel_DCV-M_2,D. melanogaster,D.melanogaster,DCV-M,2,15,5.9078836932905165,NA
632,Z.tub_DCV-M_2,Z. tuberculatus,Z.tuberculatus,DCV-M,2,15,1.862202807002444,NA
633,D.eur_DCV-M_2,D. euronotus,D.euronotus,DCV-M,2,13,6.22019625,NA
634,D.vir_DCV-M_2,D. virilis,D.virilis,DCV-M,2,13,2.355405988794582,NA
635,D.sal_DCV-M_2,D. saltans,D.saltans,DCV-M,2,14,5.895016824001042,NA
636,D.fla_DCV-M_2,D. flavomontana,D.flavomontana,DCV-M,2,15,6.776854698,NA
637,D.lac_DCV-M_2,D. lacicola,D.lacicola,DCV-M,2,12,5.4184374763797445,NA
638,D.nas_DCV-M_2,D. nasuta,D.nasuta,DCV-M,2,14,5.517795460329592,NA
639,D.hyd_DCV-M_2,D. hydei,D.hydei,DCV-M,2,15,1.5414340677761882,NA
640,S.leb_DCV-M_2,S. lebanonensis,S.lebanonensis,DCV-M,2,15,2.432207543009193,NA
641,D.ana_DCV-M_2,D. ananassae,D.ananassae,DCV-M,2,12,7.194061030863037,NA
642,Z.dav_DCV-M_2,Z. davidi,Z.davidi,DCV-M,2,15,1.8169227448758596,NA
643,D.tak_DCV-M_2,D. takahashii,D.takahashii,DCV-M,2,13,6.834676428972126,NA
644,D.buz_DCV-M_2,D. buzzatii,D.buzzatii,DCV-M,2,12,4.713356849991167,NA
645,D.par_DCV-M_2,D. paramelanica,D.paramelanica,DCV-M,2,11,6.505010924885621,NA
646,D.ari_DCV-M_2,D. arizonae,D.arizonae,DCV-M,2,15,5.3797185821441555,NA
647,D.pro_DCV-M_2,D. prosaltans,D.prosaltans,DCV-M,2,15,4.1939906290022435,NA
648,D.sub_DCV-M_2,D. subobscura,D.subobscura,DCV-M,2,14,5.764416456379192,NA
649,D.sim_DCV-M_2,D. simulans,D.simulans,DCV-M,2,14,6.442907026887932,NA
650,D.ere_DCV-M_2,D. erecta,D.erecta,DCV-M,2,11,5.792904261797646,NA
651,S.pat_DCV-M_2,S. pattersoni,S.pattersoni,DCV-M,2,15,2.489514710286935,NA
652,D.ame_DCV-M_2,D. americana,D.americana,DCV-M,2,15,6.502901180090075,NA
653,D.neb_DCV-M_2,D. nebulosa,D.nebulosa,DCV-M,2,11,5.508125856466926,NA
654,D.per_DCV-M_2,D. persimilis,D.persimilis,DCV-M,2,14,7.550926250989594,NA
655,D.suc_DCV-M_2,D. sucinea,D.sucinea,DCV-M,2,13,2.6184474134845224,NA
656,D.pse_DCV-M_2,D. pseudoobscura,D.pseudoobscura,DCV-M,2,14,7.328953817089464,NA
657,D.tei_DCV-M_2,D. teisseri,D.teisseri,DCV-M,2,12,6.263024269944909,NA
658,D.yak_DCV-M_2,D. yakuba,D.yakuba,DCV-M,2,9,3.9014823167183126,NA
659,D.mon_DCV-M_2,D. montana,D.montana,DCV-M,2,15,6.494455859728466,NA
660,D.aff_DCV-M_2,D. affinis,D.affinis,DCV-M,2,15,7.532064976258372,NA
661,D.san_DCV-M_2,D. santomea,D.santomea,DCV-M,2,13,5.4671341145909524,NA
662,D.stu_DCV-M_2,D. sturtevanti,D.sturtevanti,DCV-M,2,7,0.6704257863135391,NA
663,D.bai_DCV-M_2,D. baimaii,D.baimaii,DCV-M,2,11,6.449100597481099,NA
664,D.imm_DCV-M_2,D. immigrans,D.immigrans,DCV-M,2,13,4.7744632854628195,NA
665,D.put_DCV-M_2,D. putrida,D.putrida,DCV-M,2,11,5.905598173808871,NA
666,D.put_CrPV-OG_2,D. putrida,D.putrida,CrPV-OG,2,13,5.122158480863897,NA
667,Z.dav_CrPV-OG_2,Z. davidi,Z.davidi,CrPV-OG,2,15,4.111809411656727,NA
668,D.mel_CrPV-OG_2,D. melanogaster,D.melanogaster,CrPV-OG,2,15,1.5845768714985338,NA
669,D.yak_CrPV-OG_2,D. yakuba,D.yakuba,CrPV-OG,2,13,2.992131405961316,NA
670,D.nas_CrPV-OG_2,D. nasuta,D.nasuta,CrPV-OG,2,13,4.138894327686576,NA
671,D.eur_CrPV-OG_2,D. euronotus,D.euronotus,CrPV-OG,2,15,4.1200986452007475,NA
672,D.pro_CrPV-OG_2,D. prosaltans,D.prosaltans,CrPV-OG,2,15,5.449169658277866,NA
673,D.per_CrPV-OG_2,D. persimilis,D.persimilis,CrPV-OG,2,14,6.686797836399401,NA
674,D.lac_CrPV-OG_2,D. lacicola,D.lacicola,CrPV-OG,2,12,4.797191591527331,NA
675,D.san_CrPV-OG_2,D. santomea,D.santomea,CrPV-OG,2,15,3.8663932429699734,NA
676,D.stu_CrPV-OG_2,D. sturtevanti,D.sturtevanti,CrPV-OG,2,7,1.4256425747462642,NA
677,D.tak_CrPV-OG_2,D. takahashii,D.takahashii,CrPV-OG,2,15,2.5389400422907853,NA
678,D.neb_CrPV-OG_2,D. nebulosa,D.nebulosa,CrPV-OG,2,8,5.715640067461716,NA
679,D.sub_CrPV-OG_2,D. subobscura,D.subobscura,CrPV-OG,2,13,4.019363454456306,NA
680,D.vir_CrPV-OG_2,D. virilis,D.virilis,CrPV-OG,2,15,2.4699854906801653,NA
681,D.fla_CrPV-OG_2,D. flavomontana,D.flavomontana,CrPV-OG,2,13,3.545985793124762,NA
682,D.hyd_CrPV-OG_2,D. hydei,D.hydei,CrPV-OG,2,15,3.244245671743876,NA
683,S.leb_CrPV-OG_2,S. lebanonensis,S.lebanonensis,CrPV-OG,2,14,4.929564772,NA
684,D.ame_CrPV-OG_2,D. americana,D.americana,CrPV-OG,2,15,5.666828448397744,NA
685,D.ere_CrPV-OG_2,D. erecta,D.erecta,CrPV-OG,2,13,0.9738901688891628,NA
686,Z.tub_CrPV-OG_2,Z. tuberculatus,Z.tuberculatus,CrPV-OG,2,14,3.829388818970318,NA
687,S.pat_CrPV-OG_2,S. pattersoni,S.pattersoni,CrPV-OG,2,15,4.698487095134026,NA
688,D.imm_CrPV-OG_2,D. immigrans,D.immigrans,CrPV-OG,2,11,2.1106640283372644,NA
689,D.sim_CrPV-OG_2,D. simulans,D.simulans,CrPV-OG,2,14,2.551920998334024,NA
690,D.bai_CrPV-OG_2,D. baimaii,D.baimaii,CrPV-OG,2,14,3.990698256030905,NA
691,D.aff_CrPV-OG_2,D. affinis,D.affinis,CrPV-OG,2,15,4.985763621371837,NA
692,D.ana_CrPV-OG_2,D. ananassae,D.ananassae,CrPV-OG,2,14,7.540761621,NA
693,D.mon_CrPV-OG_2,D. montana,D.montana,CrPV-OG,2,15,5.892590799490718,NA
694,D.buz_CrPV-OG_2,D. buzzatii,D.buzzatii,CrPV-OG,2,13,4.151604068778247,NA
695,D.par_CrPV-OG_2,D. paramelanica,D.paramelanica,CrPV-OG,2,13,5.331763321055489,NA
696,D.ari_CrPV-OG_2,D. arizonae,D.arizonae,CrPV-OG,2,14,3.4148360919794465,NA
697,D.sal_CrPV-OG_2,D. saltans,D.saltans,CrPV-OG,2,15,4.196452702824341,NA
698,D.pse_CrPV-OG_2,D. pseudoobscura,D.pseudoobscura,CrPV-OG,2,15,4.9488180025808495,NA
699,D.tei_CrPV-OG_2,D. teisseri,D.teisseri,CrPV-OG,2,14,4.251435609287462,NA
700,D.suc_CrPV-OG_2,D. sucinea,D.sucinea,CrPV-OG,2,9,4.343929668,NA
701,D.hyd_CrPV-GRA_2,D. hydei,D.hydei,CrPV-GRA,2,15,2.393538413214732,NA
702,D.mon_CrPV-GRA_2,D. montana,D.montana,CrPV-GRA,2,15,4.631525002,NA
703,D.tak_CrPV-GRA_2,D. takahashii,D.takahashii,CrPV-GRA,2,15,3.780839747383871,NA
704,D.neb_CrPV-GRA_2,D. nebulosa,D.nebulosa,CrPV-GRA,2,10,4.2936320788289155,NA
705,D.nas_CrPV-GRA_2,D. nasuta,D.nasuta,CrPV-GRA,2,14,4.358036622428335,NA
706,Z.dav_CrPV-GRA_2,Z. davidi,Z.davidi,CrPV-GRA,2,14,2.7292385335948595,NA
707,Z.tub_CrPV-GRA_2,Z. tuberculatus,Z.tuberculatus,CrPV-GRA,2,15,2.7033674306605926,NA
708,D.aff_CrPV-GRA_2,D. affinis,D.affinis,CrPV-GRA,2,13,5.494495256,NA
709,D.eur_CrPV-GRA_2,D. euronotus,D.euronotus,CrPV-GRA,2,15,4.181073572938339,NA
710,D.ere_CrPV-GRA_2,D. erecta,D.erecta,CrPV-GRA,2,14,2.223079653518784,NA
711,D.sim_CrPV-GRA_2,D. simulans,D.simulans,CrPV-GRA,2,14,2.9600903909121703,NA
712,D.tei_CrPV-GRA_2,D. teisseri,D.teisseri,CrPV-GRA,2,15,4.381029273882947,NA
713,D.vir_CrPV-GRA_2,D. virilis,D.virilis,CrPV-GRA,2,13,2.8327580226836218,NA
714,D.lac_CrPV-GRA_2,D. lacicola,D.lacicola,CrPV-GRA,2,15,3.3932931243303153,NA
715,D.pse_CrPV-GRA_2,D. pseudoobscura,D.pseudoobscura,CrPV-GRA,2,15,5.586617678264328,NA
716,S.pat_CrPV-GRA_2,S. pattersoni,S.pattersoni,CrPV-GRA,2,11,3.5249792335188737,NA
717,D.mel_CrPV-GRA_2,D. melanogaster,D.melanogaster,CrPV-GRA,2,15,3.439357363765775,NA
718,D.suc_CrPV-GRA_2,D. sucinea,D.sucinea,CrPV-GRA,2,14,4.3376427869335945,NA
719,D.per_CrPV-GRA_2,D. persimilis,D.persimilis,CrPV-GRA,2,15,6.100563745313182,NA
720,D.san_CrPV-GRA_2,D. santomea,D.santomea,CrPV-GRA,2,15,2.826377654214757,NA
721,D.pro_CrPV-GRA_2,D. prosaltans,D.prosaltans,CrPV-GRA,2,13,5.398332605637307,NA
722,D.sal_CrPV-GRA_2,D. saltans,D.saltans,CrPV-GRA,2,15,4.597626153361653,NA
723,D.put_CrPV-GRA_2,D. putrida,D.putrida,CrPV-GRA,2,15,3.6907655603150578,NA
724,D.fla_CrPV-GRA_2,D. flavomontana,D.flavomontana,CrPV-GRA,2,14,4.576409609220411,NA
725,D.ame_CrPV-GRA_2,D. americana,D.americana,CrPV-GRA,2,15,5.380445262895719,NA
726,D.par_CrPV-GRA_2,D. paramelanica,D.paramelanica,CrPV-GRA,2,14,4.438476607835097,NA
727,D.sub_CrPV-GRA_2,D. subobscura,D.subobscura,CrPV-GRA,2,14,3.919767922094825,NA
728,D.ari_CrPV-GRA_2,D. arizonae,D.arizonae,CrPV-GRA,2,15,3.0709876232047457,NA
729,D.imm_CrPV-GRA_2,D. immigrans,D.immigrans,CrPV-GRA,2,15,2.394208085383096,NA
730,D.bai_CrPV-GRA_2,D. baimaii,D.baimaii,CrPV-GRA,2,15,4.163247395,NA
731,D.yak_CrPV-GRA_2,D. yakuba,D.yakuba,CrPV-GRA,2,13,2.1625215545309473,NA
732,S.leb_CrPV-GRA_2,S. lebanonensis,S.lebanonensis,CrPV-GRA,2,15,4.155856040454009,NA
733,D.ana_CrPV-GRA_2,D. ananassae,D.ananassae,CrPV-GRA,2,14,6.518908995610348,NA
734,D.stu_CrPV-GRA_2,D. sturtevanti,D.sturtevanti,CrPV-GRA,2,8,2.7067424330568515,NA
735,D.buz_CrPV-GRA_2,D. buzzatii,D.buzzatii,CrPV-GRA,2,15,3.453496144824128,NA
736,D.bai_FHV_2,D. baimaii,D.baimaii,FHV,2,15,4.889045779332055,NA
737,D.buz_FHV_2,D. buzzatii,D.buzzatii,FHV,2,15,3.377662041259839,NA
738,D.suc_FHV_2,D. sucinea,D.sucinea,FHV,2,12,3.599205796252069,NA
739,D.aff_FHV_2,D. affinis,D.affinis,FHV,2,14,4.402022219948252,NA
740,D.lac_FHV_2,D. lacicola,D.lacicola,FHV,2,11,4.977252430472124,NA
741,D.mel_FHV_2,D. melanogaster,D.melanogaster,FHV,2,14,4.835488819667553,NA
742,D.yak_FHV_2,D. yakuba,D.yakuba,FHV,2,9,4.296399393387218,NA
743,D.ana_FHV_2,D. ananassae,D.ananassae,FHV,2,14,4.682844185,NA
744,D.sal_FHV_2,D. saltans,D.saltans,FHV,2,14,4.592484501822396,NA
745,D.sim_FHV_2,D. simulans,D.simulans,FHV,2,15,5.190997274708737,NA
746,D.imm_FHV_2,D. immigrans,D.immigrans,FHV,2,8,2.6511323900600603,NA
747,D.pro_FHV_2,D. prosaltans,D.prosaltans,FHV,2,15,4.108031454230091,NA
748,D.neb_FHV_2,D. nebulosa,D.nebulosa,FHV,2,11,3.797882029602133,NA
749,D.nas_FHV_2,D. nasuta,D.nasuta,FHV,2,14,4.285788911425146,NA
750,D.hyd_FHV_2,D. hydei,D.hydei,FHV,2,15,1.876597965703839,NA
751,D.put_FHV_2,D. putrida,D.putrida,FHV,2,13,3.653642237748143,NA
752,D.san_FHV_2,D. santomea,D.santomea,FHV,2,15,5.117669315769615,NA
753,D.fla_FHV_2,D. flavomontana,D.flavomontana,FHV,2,15,5.1736986840875785,NA
754,D.tak_FHV_2,D. takahashii,D.takahashii,FHV,2,15,4.461175943208369,NA
755,Z.dav_FHV_2,Z. davidi,Z.davidi,FHV,2,15,3.6395718564085393,NA
756,D.par_FHV_2,D. paramelanica,D.paramelanica,FHV,2,12,4.1364385158902435,NA
757,Z.tub_FHV_2,Z. tuberculatus,Z.tuberculatus,FHV,2,15,2.5905372143327923,NA
758,D.ari_FHV_2,D. arizonae,D.arizonae,FHV,2,15,3.630177489559446,NA
759,D.eur_FHV_2,D. euronotus,D.euronotus,FHV,2,11,4.233259674078373,NA
760,D.mon_FHV_2,D. montana,D.montana,FHV,2,15,4.879748064019847,NA
761,S.pat_FHV_2,S. pattersoni,S.pattersoni,FHV,2,15,2.5241621698675987,NA
762,D.per_FHV_2,D. persimilis,D.persimilis,FHV,2,15,4.935805763327373,NA
763,D.tei_FHV_2,D. teisseri,D.teisseri,FHV,2,15,4.146970828276351,NA
764,D.stu_FHV_2,D. sturtevanti,D.sturtevanti,FHV,2,8,2.81020441,NA
765,D.ere_FHV_2,D. erecta,D.erecta,FHV,2,13,2.9476168183935276,NA
766,D.ame_FHV_2,D. americana,D.americana,FHV,2,13,4.361506621,NA
767,D.sub_FHV_2,D. subobscura,D.subobscura,FHV,2,15,4.263509985409688,NA
768,S.leb_FHV_2,S. lebanonensis,S.lebanonensis,FHV,2,15,2.8481477553247556,NA
769,D.vir_FHV_2,D. virilis,D.virilis,FHV,2,15,3.0877872444041032,NA
770,D.pse_FHV_2,D. pseudoobscura,D.pseudoobscura,FHV,2,14,4.212116806106648,NA
771,D.pro_BFV_3,D. prosaltans,D.prosaltans,BFV,3,11,-3.920908893,NA
772,D.ame_BFV_3,D. americana,D.americana,BFV,3,14,-3.373449737,NA
773,D.neb_BFV_3,D. nebulosa,D.nebulosa,BFV,3,10,-3.372403338,NA
774,D.sim_BFV_3,D. simulans,D.simulans,BFV,3,15,-3.920908893,NA
775,S.pat_BFV_3,S. pattersoni,S.pattersoni,BFV,3,14,-3.920908893,NA
776,D.ere_BFV_3,D. erecta,D.erecta,BFV,3,15,-3.920908893,NA
777,D.par_BFV_3,D. paramelanica,D.paramelanica,BFV,3,14,-3.920908893,NA
778,D.tak_BFV_3,D. takahashii,D.takahashii,BFV,3,15,0.6368558428628587,NA
779,D.vir_BFV_3,D. virilis,D.virilis,BFV,3,14,-3.920908893,NA
780,D.sal_BFV_3,D. saltans,D.saltans,BFV,3,14,-2.531980218,NA
781,Z.tub_BFV_3,Z. tuberculatus,Z.tuberculatus,BFV,3,14,-3.920908893,NA
782,D.sub_BFV_3,D. subobscura,D.subobscura,BFV,3,15,-3.920908893,NA
783,D.ana_BFV_3,D. ananassae,D.ananassae,BFV,3,11,-3.920908893,NA
784,D.mel_BFV_3,D. melanogaster,D.melanogaster,BFV,3,15,-3.272655987,NA
785,D.ari_BFV_3,D. arizonae,D.arizonae,BFV,3,12,-3.920908893,NA
786,D.per_BFV_3,D. persimilis,D.persimilis,BFV,3,11,-3.920908893,NA
787,D.eur_BFV_3,D. euronotus,D.euronotus,BFV,3,15,-3.920908893,NA
788,D.bai_BFV_3,D. baimaii,D.baimaii,BFV,3,12,-3.920908893,NA
789,D.stu_BFV_3,D. sturtevanti,D.sturtevanti,BFV,3,9,-3.920908893,NA
790,D.put_BFV_3,D. putrida,D.putrida,BFV,3,11,-3.920908893,NA
791,D.buz_BFV_3,D. buzzatii,D.buzzatii,BFV,3,15,-3.920908893,NA
792,Z.dav_BFV_3,Z. davidi,Z.davidi,BFV,3,15,-3.920908893,NA
793,D.lac_BFV_3,D. lacicola,D.lacicola,BFV,3,14,-3.920908893,NA
794,D.hyd_BFV_3,D. hydei,D.hydei,BFV,3,14,-3.920908893,NA
795,D.suc_BFV_3,D. sucinea,D.sucinea,BFV,3,9,-3.920908893,NA
796,D.yak_BFV_3,D. yakuba,D.yakuba,BFV,3,13,-3.920908893,NA
797,S.leb_BFV_3,S. lebanonensis,S.lebanonensis,BFV,3,15,-3.920908893,NA
798,D.mon_BFV_3,D. montana,D.montana,BFV,3,15,-3.920908893,NA
799,D.aff_BFV_3,D. affinis,D.affinis,BFV,3,15,-3.920908893,NA
800,D.imm_BFV_3,D. immigrans,D.immigrans,BFV,3,14,-3.920908893,NA
801,D.nas_BFV_3,D. nasuta,D.nasuta,BFV,3,15,-3.920908893,NA
802,D.fla_BFV_3,D. flavomontana,D.flavomontana,BFV,3,15,-3.920908893,NA
803,D.san_BFV_3,D. santomea,D.santomea,BFV,3,15,-3.920908893,NA
804,D.tei_BFV_3,D. teisseri,D.teisseri,BFV,3,14,-3.920908893,NA
805,D.pse_BFV_3,D. pseudoobscura,D.pseudoobscura,BFV,3,15,-3.920908893,NA
806,D.tei_FHV_3,D. teisseri,D.teisseri,FHV,3,14,3.8884965233807662,NA
807,D.mel_FHV_3,D. melanogaster,D.melanogaster,FHV,3,14,4.484932317425295,NA
808,D.lac_FHV_3,D. lacicola,D.lacicola,FHV,3,10,2.8019339295423853,NA
809,D.pse_FHV_3,D. pseudoobscura,D.pseudoobscura,FHV,3,15,4.148827413554923,NA
810,Z.dav_FHV_3,Z. davidi,Z.davidi,FHV,3,15,1.7492782519381265,NA
811,D.ana_FHV_3,D. ananassae,D.ananassae,FHV,3,13,3.891745597174559,NA
812,S.pat_FHV_3,S. pattersoni,S.pattersoni,FHV,3,14,1.5842093118286888,NA
813,D.yak_FHV_3,D. yakuba,D.yakuba,FHV,3,14,3.453515835820546,NA
814,D.bai_FHV_3,D. baimaii,D.baimaii,FHV,3,12,3.538907294059718,NA
815,D.vir_FHV_3,D. virilis,D.virilis,FHV,3,14,2.2967797955895057,NA
816,D.per_FHV_3,D. persimilis,D.persimilis,FHV,3,12,3.5313017165118685,NA
817,D.sim_FHV_3,D. simulans,D.simulans,FHV,3,15,4.589836637955733,NA
818,D.mon_FHV_3,D. montana,D.montana,FHV,3,15,3.180334504277161,NA
819,S.leb_FHV_3,S. lebanonensis,S.lebanonensis,FHV,3,15,1.962587521791424,NA
820,D.aff_FHV_3,D. affinis,D.affinis,FHV,3,12,3.187805269776632,NA
821,D.put_FHV_3,D. putrida,D.putrida,FHV,3,13,2.8508845561795093,NA
822,D.imm_FHV_3,D. immigrans,D.immigrans,FHV,3,15,0.8595159058623872,NA
823,D.nas_FHV_3,D. nasuta,D.nasuta,FHV,3,14,2.555288976122701,NA
824,D.san_FHV_3,D. santomea,D.santomea,FHV,3,14,4.011346752,NA
825,Z.tub_FHV_3,Z. tuberculatus,Z.tuberculatus,FHV,3,13,0.5165283399048264,NA
826,D.suc_FHV_3,D. sucinea,D.sucinea,FHV,3,12,3.090645360867576,NA
827,D.fla_FHV_3,D. flavomontana,D.flavomontana,FHV,3,15,2.4304720446438837,NA
828,D.eur_FHV_3,D. euronotus,D.euronotus,FHV,3,14,2.8722641676388085,NA
829,D.neb_FHV_3,D. nebulosa,D.nebulosa,FHV,3,12,2.519257049207945,NA
830,D.sub_FHV_3,D. subobscura,D.subobscura,FHV,3,14,4.048874619694905,NA
831,D.hyd_FHV_3,D. hydei,D.hydei,FHV,3,8,2.3918818124303862,NA
832,D.stu_FHV_3,D. sturtevanti,D.sturtevanti,FHV,3,15,2.603050088434474,NA
833,D.ere_FHV_3,D. erecta,D.erecta,FHV,3,13,2.5534606232973145,NA
834,D.ame_FHV_3,D. americana,D.americana,FHV,3,14,3.191780912303976,NA
835,D.par_FHV_3,D. paramelanica,D.paramelanica,FHV,3,14,3.3814055242772323,NA
836,D.sal_FHV_3,D. saltans,D.saltans,FHV,3,15,3.4504299817732034,NA
837,D.tak_FHV_3,D. takahashii,D.takahashii,FHV,3,15,2.6794749594311877,NA
838,D.buz_FHV_3,D. buzzatii,D.buzzatii,FHV,3,14,2.0968083355756915,NA
839,D.pro_FHV_3,D. prosaltans,D.prosaltans,FHV,3,15,4.125911034718151,NA
840,D.ari_FHV_3,D. arizonae,D.arizonae,FHV,3,15,2.630453017600535,NA
841,D.pse_DAV_3,D. pseudoobscura,D.pseudoobscura,DAV,3,13,4.790131185051498,NA
842,D.vir_DAV_3,D. virilis,D.virilis,DAV,3,15,0.17911848812114364,NA
843,D.sal_DAV_3,D. saltans,D.saltans,DAV,3,15,4.541908501485028,NA
844,D.fla_DAV_3,D. flavomontana,D.flavomontana,DAV,3,15,1.8256418826833605,NA
845,D.neb_DAV_3,D. nebulosa,D.nebulosa,DAV,3,8,2.627700944571973,NA
846,D.yak_DAV_3,D. yakuba,D.yakuba,DAV,3,12,2.9794506377227177,NA
847,D.nas_DAV_3,D. nasuta,D.nasuta,DAV,3,13,0.8477870540391844,NA
848,D.bai_DAV_3,D. baimaii,D.baimaii,DAV,3,14,0.2803518660344073,NA
849,D.mel_DAV_3,D. melanogaster,D.melanogaster,DAV,3,15,4.596061712233851,NA
850,D.aff_DAV_3,D. affinis,D.affinis,DAV,3,12,4.604566318101695,NA
851,S.pat_DAV_3,S. pattersoni,S.pattersoni,DAV,3,15,2.530709967979885,NA
852,D.ana_DAV_3,D. ananassae,D.ananassae,DAV,3,15,2.949002674898377,NA
853,D.imm_DAV_3,D. immigrans,D.immigrans,DAV,3,11,0.3775919127403879,NA
854,D.san_DAV_3,D. santomea,D.santomea,DAV,3,15,2.3241932233168465,NA
855,D.mon_DAV_3,D. montana,D.montana,DAV,3,15,1.381244094430094,NA
856,D.par_DAV_3,D. paramelanica,D.paramelanica,DAV,3,13,1.4095201983743826,NA
857,Z.tub_DAV_3,Z. tuberculatus,Z.tuberculatus,DAV,3,14,2.370282338044347,NA
858,S.leb_DAV_3,S. lebanonensis,S.lebanonensis,DAV,3,13,2.021132596541563,NA
859,D.lac_DAV_3,D. lacicola,D.lacicola,DAV,3,15,2.1286164501884137,NA
860,D.ere_DAV_3,D. erecta,D.erecta,DAV,3,13,1.5607142745698694,NA
861,D.pro_DAV_3,D. prosaltans,D.prosaltans,DAV,3,14,3.182423732796335,NA
862,D.ari_DAV_3,D. arizonae,D.arizonae,DAV,3,15,2.151329240118016,NA
863,D.sub_DAV_3,D. subobscura,D.subobscura,DAV,3,15,3.660351454498144,NA
864,D.sim_DAV_3,D. simulans,D.simulans,DAV,3,15,1.3833845671061842,NA
865,D.eur_DAV_3,D. euronotus,D.euronotus,DAV,3,15,1.5786758357440454,NA
866,D.put_DAV_3,D. putrida,D.putrida,DAV,3,11,-0.707192275,NA
867,D.tak_DAV_3,D. takahashii,D.takahashii,DAV,3,14,4.359925408,NA
868,D.per_DAV_3,D. persimilis,D.persimilis,DAV,3,12,4.142303751,NA
869,Z.dav_DAV_3,Z. davidi,Z.davidi,DAV,3,15,2.331452307882307,NA
870,D.stu_DAV_3,D. sturtevanti,D.sturtevanti,DAV,3,13,0.517591395,NA
871,D.tei_DAV_3,D. teisseri,D.teisseri,DAV,3,15,2.870182077526706,NA
872,D.hyd_DAV_3,D. hydei,D.hydei,DAV,3,15,0.8262539397154849,NA
873,D.buz_DAV_3,D. buzzatii,D.buzzatii,DAV,3,15,1.6708893418435684,NA
874,D.suc_DAV_3,D. sucinea,D.sucinea,DAV,3,7,1.4105598469524097,NA
875,D.ame_DAV_3,D. americana,D.americana,DAV,3,14,2.423236411204561,NA
876,D.pse_CrPV-VIC_3,D. pseudoobscura,D.pseudoobscura,CrPV-VIC,3,13,4.7752445384363895,NA
877,D.nas_CrPV-VIC_3,D. nasuta,D.nasuta,CrPV-VIC,3,12,3.303905805052081,NA
878,D.sim_CrPV-VIC_3,D. simulans,D.simulans,CrPV-VIC,3,15,3.172931308773292,NA
879,D.neb_CrPV-VIC_3,D. nebulosa,D.nebulosa,CrPV-VIC,3,7,3.3785036984162975,NA
880,D.sal_CrPV-VIC_3,D. saltans,D.saltans,CrPV-VIC,3,14,2.999480503200441,NA
881,D.imm_CrPV-VIC_3,D. immigrans,D.immigrans,CrPV-VIC,3,15,0.6263214621336445,NA
882,D.ana_CrPV-VIC_3,D. ananassae,D.ananassae,CrPV-VIC,3,15,5.118143151822867,NA
883,D.mel_CrPV-VIC_3,D. melanogaster,D.melanogaster,CrPV-VIC,3,13,2.508478306592061,NA
884,S.leb_CrPV-VIC_3,S. lebanonensis,S.lebanonensis,CrPV-VIC,3,15,3.0084577430673196,NA
885,D.yak_CrPV-VIC_3,D. yakuba,D.yakuba,CrPV-VIC,3,11,1.7107831405509322,NA
886,D.pro_CrPV-VIC_3,D. prosaltans,D.prosaltans,CrPV-VIC,3,15,4.315753806763232,NA
887,D.par_CrPV-VIC_3,D. paramelanica,D.paramelanica,CrPV-VIC,3,13,3.128775900501102,NA
888,D.tei_CrPV-VIC_3,D. teisseri,D.teisseri,CrPV-VIC,3,14,2.5495780255289233,NA
889,D.stu_CrPV-VIC_3,D. sturtevanti,D.sturtevanti,CrPV-VIC,3,12,-0.21464766,NA
890,S.pat_CrPV-VIC_3,S. pattersoni,S.pattersoni,CrPV-VIC,3,13,1.9360872177915505,NA
891,D.suc_CrPV-VIC_3,D. sucinea,D.sucinea,CrPV-VIC,3,15,3.1022467769601194,NA
892,Z.dav_CrPV-VIC_3,Z. davidi,Z.davidi,CrPV-VIC,3,12,0.039625924,NA
893,D.vir_CrPV-VIC_3,D. virilis,D.virilis,CrPV-VIC,3,14,0.4700914491615872,NA
894,D.bai_CrPV-VIC_3,D. baimaii,D.baimaii,CrPV-VIC,3,11,2.7295286207391034,NA
895,D.mon_CrPV-VIC_3,D. montana,D.montana,CrPV-VIC,3,15,3.1480584767223925,NA
896,D.ari_CrPV-VIC_3,D. arizonae,D.arizonae,CrPV-VIC,3,14,1.967899025145432,NA
897,D.tak_CrPV-VIC_3,D. takahashii,D.takahashii,CrPV-VIC,3,15,2.903454409262555,NA
898,D.ame_CrPV-VIC_3,D. americana,D.americana,CrPV-VIC,3,14,4.535882172885074,NA
899,D.sub_CrPV-VIC_3,D. subobscura,D.subobscura,CrPV-VIC,3,15,3.1777902459592537,NA
900,D.hyd_CrPV-VIC_3,D. hydei,D.hydei,CrPV-VIC,3,14,0.4502168115630909,NA
901,Z.tub_CrPV-VIC_3,Z. tuberculatus,Z.tuberculatus,CrPV-VIC,3,15,-0.916585373,NA
902,D.put_CrPV-VIC_3,D. putrida,D.putrida,CrPV-VIC,3,9,2.4533664134341633,NA
903,D.fla_CrPV-VIC_3,D. flavomontana,D.flavomontana,CrPV-VIC,3,15,3.182239185181042,NA
904,D.ere_CrPV-VIC_3,D. erecta,D.erecta,CrPV-VIC,3,15,0.5197277169330682,NA
905,D.san_CrPV-VIC_3,D. santomea,D.santomea,CrPV-VIC,3,14,1.0633951778704358,NA
906,D.per_CrPV-VIC_3,D. persimilis,D.persimilis,CrPV-VIC,3,13,4.9371124004035245,NA
907,D.buz_CrPV-VIC_3,D. buzzatii,D.buzzatii,CrPV-VIC,3,10,1.909030968258962,NA
908,D.aff_CrPV-VIC_3,D. affinis,D.affinis,CrPV-VIC,3,14,3.773798202,NA
909,D.lac_CrPV-VIC_3,D. lacicola,D.lacicola,CrPV-VIC,3,15,2.5960758279899308,NA
910,D.eur_CrPV-VIC_3,D. euronotus,D.euronotus,CrPV-VIC,3,15,2.392251627180386,NA
911,D.ari_IIV6_3,D. arizonae,D.arizonae,IIV6,3,12,2.217289568238175,NA
912,D.ame_IIV6_3,D. americana,D.americana,IIV6,3,15,3.3010282677312643,NA
913,D.per_IIV6_3,D. persimilis,D.persimilis,IIV6,3,15,0.5378873455715273,NA
914,S.pat_IIV6_3,S. pattersoni,S.pattersoni,IIV6,3,15,2.828288144458912,NA
915,D.pro_IIV6_3,D. prosaltans,D.prosaltans,IIV6,3,13,1.750634305927771,NA
916,D.buz_IIV6_3,D. buzzatii,D.buzzatii,IIV6,3,14,1.152836417747588,NA
917,D.tak_IIV6_3,D. takahashii,D.takahashii,IIV6,3,15,2.476509266209956,NA
918,D.sal_IIV6_3,D. saltans,D.saltans,IIV6,3,15,1.532789977702125,NA
919,D.yak_IIV6_3,D. yakuba,D.yakuba,IIV6,3,11,-1.372406326,NA
920,D.hyd_IIV6_3,D. hydei,D.hydei,IIV6,3,15,0.8283156161366665,NA
921,D.sub_IIV6_3,D. subobscura,D.subobscura,IIV6,3,15,2.668174649573434,NA
922,D.mel_IIV6_3,D. melanogaster,D.melanogaster,IIV6,3,15,2.9714591478965113,NA
923,Z.tub_IIV6_3,Z. tuberculatus,Z.tuberculatus,IIV6,3,15,2.043335262761361,NA
924,D.eur_IIV6_3,D. euronotus,D.euronotus,IIV6,3,14,2.151608717187111,NA
925,S.leb_IIV6_3,S. lebanonensis,S.lebanonensis,IIV6,3,15,2.3646665868154617,NA
926,D.suc_IIV6_3,D. sucinea,D.sucinea,IIV6,3,13,-1.136958319,NA
927,D.nas_IIV6_3,D. nasuta,D.nasuta,IIV6,3,14,1.4649001026807849,NA
928,D.put_IIV6_3,D. putrida,D.putrida,IIV6,3,14,3.2682084328249177,NA
929,D.sim_IIV6_3,D. simulans,D.simulans,IIV6,3,14,2.467810740118709,NA
930,D.lac_IIV6_3,D. lacicola,D.lacicola,IIV6,3,14,1.4951180835880102,NA
931,D.ere_IIV6_3,D. erecta,D.erecta,IIV6,3,15,1.4562914864663543,NA
932,D.par_IIV6_3,D. paramelanica,D.paramelanica,IIV6,3,15,2.745577408111916,NA
933,D.vir_IIV6_3,D. virilis,D.virilis,IIV6,3,15,1.5974977756174875,NA
934,D.san_IIV6_3,D. santomea,D.santomea,IIV6,3,13,-1.848672053,NA
935,D.stu_IIV6_3,D. sturtevanti,D.sturtevanti,IIV6,3,13,0.3140590928271869,NA
936,D.neb_IIV6_3,D. nebulosa,D.nebulosa,IIV6,3,14,2.3875730648288473,NA
937,D.pse_IIV6_3,D. pseudoobscura,D.pseudoobscura,IIV6,3,15,-0.148602507,NA
938,D.bai_IIV6_3,D. baimaii,D.baimaii,IIV6,3,11,0.4229733570815437,NA
939,Z.dav_IIV6_3,Z. davidi,Z.davidi,IIV6,3,15,NA,Omitted due to melt-curve contaminants
940,D.ana_IIV6_3,D. ananassae,D.ananassae,IIV6,3,14,0.45106041340905934,NA
941,D.tei_IIV6_3,D. teisseri,D.teisseri,IIV6,3,14,-0.780020265,NA
942,D.mon_IIV6_3,D. montana,D.montana,IIV6,3,12,2.634360418817735,NA
943,D.imm_IIV6_3,D. immigrans,D.immigrans,IIV6,3,14,1.9388884117318128,NA
944,D.aff_IIV6_3,D. affinis,D.affinis,IIV6,3,15,2.4310968740329773,NA
945,D.fla_IIV6_3,D. flavomontana,D.flavomontana,IIV6,3,15,2.057867755541136,NA
946,D.per_DCV-M_3,D. persimilis,D.persimilis,DCV-M,3,14,6.858821266253661,NA
947,D.par_DCV-M_3,D. paramelanica,D.paramelanica,DCV-M,3,12,6.324555431869453,NA
948,D.tak_DCV-M_3,D. takahashii,D.takahashii,DCV-M,3,15,6.240317299308346,NA
949,Z.tub_DCV-M_3,Z. tuberculatus,Z.tuberculatus,DCV-M,3,14,-0.780228711,NA
950,D.put_DCV-M_3,D. putrida,D.putrida,DCV-M,3,15,5.2367802337606575,NA
951,D.mel_DCV-M_3,D. melanogaster,D.melanogaster,DCV-M,3,15,5.642645603158206,NA
952,D.ana_DCV-M_3,D. ananassae,D.ananassae,DCV-M,3,14,4.918671772740855,NA
953,D.suc_DCV-M_3,D. sucinea,D.sucinea,DCV-M,3,12,1.963263011,NA
954,D.sub_DCV-M_3,D. subobscura,D.subobscura,DCV-M,3,14,5.254783119564775,NA
955,S.pat_DCV-M_3,S. pattersoni,S.pattersoni,DCV-M,3,15,1.6396787152741124,NA
956,D.pro_DCV-M_3,D. prosaltans,D.prosaltans,DCV-M,3,14,3.020591029123638,NA
957,D.neb_DCV-M_3,D. nebulosa,D.nebulosa,DCV-M,3,11,4.6164743734385105,NA
958,D.nas_DCV-M_3,D. nasuta,D.nasuta,DCV-M,3,15,5.32504502,NA
959,D.yak_DCV-M_3,D. yakuba,D.yakuba,DCV-M,3,11,2.7255841623477535,NA
960,D.ari_DCV-M_3,D. arizonae,D.arizonae,DCV-M,3,14,4.516332731257526,NA
961,D.fla_DCV-M_3,D. flavomontana,D.flavomontana,DCV-M,3,14,6.212368774280603,NA
962,D.sim_DCV-M_3,D. simulans,D.simulans,DCV-M,3,15,6.7136585001251445,NA
963,D.aff_DCV-M_3,D. affinis,D.affinis,DCV-M,3,13,7.3018497019398385,NA
964,D.buz_DCV-M_3,D. buzzatii,D.buzzatii,DCV-M,3,15,4.073833728906786,NA
965,D.san_DCV-M_3,D. santomea,D.santomea,DCV-M,3,13,5.230340018,NA
966,D.lac_DCV-M_3,D. lacicola,D.lacicola,DCV-M,3,13,4.478367270149213,NA
967,Z.dav_DCV-M_3,Z. davidi,Z.davidi,DCV-M,3,14,-0.780228711,NA
968,D.mon_DCV-M_3,D. montana,D.montana,DCV-M,3,15,5.670768323764781,NA
969,D.eur_DCV-M_3,D. euronotus,D.euronotus,DCV-M,3,15,4.899715961310963,NA
970,D.vir_DCV-M_3,D. virilis,D.virilis,DCV-M,3,14,-0.185470183,NA
971,D.bai_DCV-M_3,D. baimaii,D.baimaii,DCV-M,3,14,5.598925066868672,NA
972,D.stu_DCV-M_3,D. sturtevanti,D.sturtevanti,DCV-M,3,15,-0.780228711,NA
973,D.imm_DCV-M_3,D. immigrans,D.immigrans,DCV-M,3,13,3.868041678913469,NA
974,D.sal_DCV-M_3,D. saltans,D.saltans,DCV-M,3,15,4.803015178902709,NA
975,D.ame_DCV-M_3,D. americana,D.americana,DCV-M,3,12,3.877864482268511,NA
976,D.tei_DCV-M_3,D. teisseri,D.teisseri,DCV-M,3,14,5.069127080766831,NA
977,S.leb_DCV-M_3,S. lebanonensis,S.lebanonensis,DCV-M,3,14,2.3496811439359577,NA
978,D.hyd_DCV-M_3,D. hydei,D.hydei,DCV-M,3,15,0.5456050855694607,NA
979,D.ere_DCV-M_3,D. erecta,D.erecta,DCV-M,3,10,3.5213766978787837,NA
980,D.pse_DCV-M_3,D. pseudoobscura,D.pseudoobscura,DCV-M,3,13,6.448379203370392,NA
981,D.ana_CrPV-OG_3,D. ananassae,D.ananassae,CrPV-OG,3,15,6.5237836037197665,NA
982,D.pro_CrPV-OG_3,D. prosaltans,D.prosaltans,CrPV-OG,3,13,5.439818453437117,NA
983,D.par_CrPV-OG_3,D. paramelanica,D.paramelanica,CrPV-OG,3,15,5.023700512047774,NA
984,D.suc_CrPV-OG_3,D. sucinea,D.sucinea,CrPV-OG,3,14,3.6425277103299423,NA
985,D.imm_CrPV-OG_3,D. immigrans,D.immigrans,CrPV-OG,3,14,1.6365948794567204,NA
986,D.sal_CrPV-OG_3,D. saltans,D.saltans,CrPV-OG,3,14,4.082452889236804,NA
987,D.per_CrPV-OG_3,D. persimilis,D.persimilis,CrPV-OG,3,12,6.100711968516218,NA
988,D.pse_CrPV-OG_3,D. pseudoobscura,D.pseudoobscura,CrPV-OG,3,15,4.887838386618716,NA
989,D.put_CrPV-OG_3,D. putrida,D.putrida,CrPV-OG,3,14,3.642996034431238,NA
990,D.ame_CrPV-OG_3,D. americana,D.americana,CrPV-OG,3,15,4.880015796992344,NA
991,D.eur_CrPV-OG_3,D. euronotus,D.euronotus,CrPV-OG,3,14,4.261189232751807,NA
992,D.nas_CrPV-OG_3,D. nasuta,D.nasuta,CrPV-OG,3,15,4.027005784234353,NA
993,D.bai_CrPV-OG_3,D. baimaii,D.baimaii,CrPV-OG,3,10,2.757147498048342,NA
994,D.yak_CrPV-OG_3,D. yakuba,D.yakuba,CrPV-OG,3,12,2.6048561967546453,NA
995,Z.dav_CrPV-OG_3,Z. davidi,Z.davidi,CrPV-OG,3,15,-0.772579366,NA
996,Z.tub_CrPV-OG_3,Z. tuberculatus,Z.tuberculatus,CrPV-OG,3,14,2.1487558388363963,NA
997,D.stu_CrPV-OG_3,D. sturtevanti,D.sturtevanti,CrPV-OG,3,13,1.373091131670648,NA
998,D.aff_CrPV-OG_3,D. affinis,D.affinis,CrPV-OG,3,14,4.609108738624838,NA
999,D.sub_CrPV-OG_3,D. subobscura,D.subobscura,CrPV-OG,3,15,3.744418446720222,NA
1000,D.buz_CrPV-OG_3,D. buzzatii,D.buzzatii,CrPV-OG,3,14,3.821811481299133,NA
1001,D.sim_CrPV-OG_3,D. simulans,D.simulans,CrPV-OG,3,15,5.123515963630393,NA
1002,D.mon_CrPV-OG_3,D. montana,D.montana,CrPV-OG,3,15,5.281306605437141,NA
1003,D.san_CrPV-OG_3,D. santomea,D.santomea,CrPV-OG,3,11,2.982001341752139,NA
1004,D.tei_CrPV-OG_3,D. teisseri,D.teisseri,CrPV-OG,3,13,3.781174581734531,NA
1005,D.mel_CrPV-OG_3,D. melanogaster,D.melanogaster,CrPV-OG,3,15,2.6275805336220888,NA
1006,S.leb_CrPV-OG_3,S. lebanonensis,S.lebanonensis,CrPV-OG,3,15,4.565871552198989,NA
1007,D.lac_CrPV-OG_3,D. lacicola,D.lacicola,CrPV-OG,3,11,4.132483893147408,NA
1008,D.neb_CrPV-OG_3,D. nebulosa,D.nebulosa,CrPV-OG,3,13,4.942160317050216,NA
1009,D.ere_CrPV-OG_3,D. erecta,D.erecta,CrPV-OG,3,15,2.088017307867169,NA
1010,D.hyd_CrPV-OG_3,D. hydei,D.hydei,CrPV-OG,3,15,0.7686858006876841,NA
1011,D.ari_CrPV-OG_3,D. arizonae,D.arizonae,CrPV-OG,3,14,2.623777676440984,NA
1012,D.fla_CrPV-OG_3,D. flavomontana,D.flavomontana,CrPV-OG,3,13,3.625950815784039,NA
1013,S.pat_CrPV-OG_3,S. pattersoni,S.pattersoni,CrPV-OG,3,15,3.8082603093428062,NA
1014,D.vir_CrPV-OG_3,D. virilis,D.virilis,CrPV-OG,3,15,1.3873175785400171,NA
1015,D.tak_CrPV-OG_3,D. takahashii,D.takahashii,CrPV-OG,3,15,1.0852175194119635,NA
1016,Z.dav_DCV-EB_3,Z. davidi,Z.davidi,DCV-EB,3,10,-0.855704256,NA
1017,D.stu_DCV-EB_3,D. sturtevanti,D.sturtevanti,DCV-EB,3,13,-0.855704256,NA
1018,D.mel_DCV-EB_3,D. melanogaster,D.melanogaster,DCV-EB,3,15,6.057120743398154,NA
1019,D.sal_DCV-EB_3,D. saltans,D.saltans,DCV-EB,3,13,5.319137487817974,NA
1020,D.ame_DCV-EB_3,D. americana,D.americana,DCV-EB,3,15,5.943106659540579,NA
1021,D.aff_DCV-EB_3,D. affinis,D.affinis,DCV-EB,3,13,6.944716428,NA
1022,Z.tub_DCV-EB_3,Z. tuberculatus,Z.tuberculatus,DCV-EB,3,15,-0.855704256,NA
1023,D.tak_DCV-EB_3,D. takahashii,D.takahashii,DCV-EB,3,15,6.447882755220684,NA
1024,D.put_DCV-EB_3,D. putrida,D.putrida,DCV-EB,3,12,6.492287090326074,NA
1025,D.per_DCV-EB_3,D. persimilis,D.persimilis,DCV-EB,3,15,7.083400894601315,NA
1026,D.ere_DCV-EB_3,D. erecta,D.erecta,DCV-EB,3,14,4.753963207407125,NA
1027,D.fla_DCV-EB_3,D. flavomontana,D.flavomontana,DCV-EB,3,14,6.432391627178161,NA
1028,D.nas_DCV-EB_3,D. nasuta,D.nasuta,DCV-EB,3,12,5.123310795082953,NA
1029,D.lac_DCV-EB_3,D. lacicola,D.lacicola,DCV-EB,3,14,4.901988555760376,NA
1030,D.imm_DCV-EB_3,D. immigrans,D.immigrans,DCV-EB,3,13,3.726551969884224,NA
1031,D.ari_DCV-EB_3,D. arizonae,D.arizonae,DCV-EB,3,13,4.7700855568446645,NA
1032,D.hyd_DCV-EB_3,D. hydei,D.hydei,DCV-EB,3,14,1.5749551189754456,NA
1033,D.yak_DCV-EB_3,D. yakuba,D.yakuba,DCV-EB,3,12,3.4626583295380575,NA
1034,D.vir_DCV-EB_3,D. virilis,D.virilis,DCV-EB,3,15,2.4350173377254505,NA
1035,D.buz_DCV-EB_3,D. buzzatii,D.buzzatii,DCV-EB,3,15,5.026358794187855,NA
1036,D.pro_DCV-EB_3,D. prosaltans,D.prosaltans,DCV-EB,3,15,2.9261399976983196,NA
1037,S.leb_DCV-EB_3,S. lebanonensis,S.lebanonensis,DCV-EB,3,15,4.399824617370278,NA
1038,D.suc_DCV-EB_3,D. sucinea,D.sucinea,DCV-EB,3,14,2.6204817273606222,NA
1039,D.par_DCV-EB_3,D. paramelanica,D.paramelanica,DCV-EB,3,14,6.288077263560419,NA
1040,D.san_DCV-EB_3,D. santomea,D.santomea,DCV-EB,3,15,4.4059578358221945,NA
1041,D.sub_DCV-EB_3,D. subobscura,D.subobscura,DCV-EB,3,14,5.820088411926788,NA
1042,D.mon_DCV-EB_3,D. montana,D.montana,DCV-EB,3,14,6.277666362217906,NA
1043,D.pse_DCV-EB_3,D. pseudoobscura,D.pseudoobscura,DCV-EB,3,14,6.403351321,NA
1044,S.pat_DCV-EB_3,S. pattersoni,S.pattersoni,DCV-EB,3,15,4.671317672858697,NA
1045,D.eur_DCV-EB_3,D. euronotus,D.euronotus,DCV-EB,3,10,5.789481882938304,NA
1046,D.bai_DCV-EB_3,D. baimaii,D.baimaii,DCV-EB,3,12,5.680216345,NA
1047,D.neb_DCV-EB_3,D. nebulosa,D.nebulosa,DCV-EB,3,12,5.2664600475834416,NA
1048,D.ana_DCV-EB_3,D. ananassae,D.ananassae,DCV-EB,3,13,6.133846829894331,NA
1049,D.sim_DCV-EB_3,D. simulans,D.simulans,DCV-EB,3,14,6.548283482,NA
1050,D.tei_DCV-EB_3,D. teisseri,D.teisseri,DCV-EB,3,12,4.518497582324913,NA
1051,D.buz_CrPV-GRA_3,D. buzzatii,D.buzzatii,CrPV-GRA,3,15,3.443179354725292,NA
1052,D.sim_CrPV-GRA_3,D. simulans,D.simulans,CrPV-GRA,3,14,2.239747066087353,NA
1053,D.fla_CrPV-GRA_3,D. flavomontana,D.flavomontana,CrPV-GRA,3,15,4.364965769202183,NA
1054,D.pro_CrPV-GRA_3,D. prosaltans,D.prosaltans,CrPV-GRA,3,13,4.975297803778373,NA
1055,D.neb_CrPV-GRA_3,D. nebulosa,D.nebulosa,CrPV-GRA,3,8,4.324731942,NA
1056,D.pse_CrPV-GRA_3,D. pseudoobscura,D.pseudoobscura,CrPV-GRA,3,14,5.496737160664814,NA
1057,D.per_CrPV-GRA_3,D. persimilis,D.persimilis,CrPV-GRA,3,15,5.887568905161844,NA
1058,D.san_CrPV-GRA_3,D. santomea,D.santomea,CrPV-GRA,3,15,1.065636954144521,NA
1059,D.mel_CrPV-GRA_3,D. melanogaster,D.melanogaster,CrPV-GRA,3,14,3.1578084570754337,NA
1060,D.lac_CrPV-GRA_3,D. lacicola,D.lacicola,CrPV-GRA,3,12,3.532567893622103,NA
1061,D.ari_CrPV-GRA_3,D. arizonae,D.arizonae,CrPV-GRA,3,14,2.3237205660568185,NA
1062,D.mon_CrPV-GRA_3,D. montana,D.montana,CrPV-GRA,3,15,4.297970888668253,NA
1063,D.par_CrPV-GRA_3,D. paramelanica,D.paramelanica,CrPV-GRA,3,14,3.886097206046221,NA
1064,D.stu_CrPV-GRA_3,D. sturtevanti,D.sturtevanti,CrPV-GRA,3,13,1.9533572982135383,NA
1065,S.leb_CrPV-GRA_3,S. lebanonensis,S.lebanonensis,CrPV-GRA,3,14,3.951804561594503,NA
1066,D.bai_CrPV-GRA_3,D. baimaii,D.baimaii,CrPV-GRA,3,14,3.6580114111320943,NA
1067,D.sal_CrPV-GRA_3,D. saltans,D.saltans,CrPV-GRA,3,15,3.774988526027283,NA
1068,D.ana_CrPV-GRA_3,D. ananassae,D.ananassae,CrPV-GRA,3,14,5.808144379550051,NA
1069,D.tei_CrPV-GRA_3,D. teisseri,D.teisseri,CrPV-GRA,3,15,3.541823305294922,NA
1070,D.imm_CrPV-GRA_3,D. immigrans,D.immigrans,CrPV-GRA,3,12,2.041975557,NA
1071,Z.tub_CrPV-GRA_3,Z. tuberculatus,Z.tuberculatus,CrPV-GRA,3,14,2.1064240914085075,NA
1072,D.sub_CrPV-GRA_3,D. subobscura,D.subobscura,CrPV-GRA,3,15,4.778052897555572,NA
1073,D.hyd_CrPV-GRA_3,D. hydei,D.hydei,CrPV-GRA,3,15,2.135517958119008,NA
1074,Z.dav_CrPV-GRA_3,Z. davidi,Z.davidi,CrPV-GRA,3,15,2.8742211233772563,NA
1075,D.nas_CrPV-GRA_3,D. nasuta,D.nasuta,CrPV-GRA,3,15,4.726204902623347,NA
1076,D.tak_CrPV-GRA_3,D. takahashii,D.takahashii,CrPV-GRA,3,15,3.5676105060265773,NA
1077,D.ame_CrPV-GRA_3,D. americana,D.americana,CrPV-GRA,3,15,5.159914660859808,NA
1078,S.pat_CrPV-GRA_3,S. pattersoni,S.pattersoni,CrPV-GRA,3,14,3.2748139106196263,NA
1079,D.put_CrPV-GRA_3,D. putrida,D.putrida,CrPV-GRA,3,13,3.682911658637161,NA
1080,D.eur_CrPV-GRA_3,D. euronotus,D.euronotus,CrPV-GRA,3,12,3.756631748958993,NA
1081,D.vir_CrPV-GRA_3,D. virilis,D.virilis,CrPV-GRA,3,15,2.407173297352149,NA
1082,D.suc_CrPV-GRA_3,D. sucinea,D.sucinea,CrPV-GRA,3,14,4.865510051683355,NA
1083,D.aff_CrPV-GRA_3,D. affinis,D.affinis,CrPV-GRA,3,15,4.942282685606584,NA
1084,D.ere_CrPV-GRA_3,D. erecta,D.erecta,CrPV-GRA,3,15,1.4301606652461996,NA
1085,D.yak_CrPV-GRA_3,D. yakuba,D.yakuba,CrPV-GRA,3,13,2.4043961291923694,NA
1086,D.ame_DCV-C_3,D. americana,D.americana,DCV-C,3,15,5.462857823986648,NA
1087,D.ere_DCV-C_3,D. erecta,D.erecta,DCV-C,3,14,NA,Omitted due to melt-curve contaminants
1088,D.pro_DCV-C_3,D. prosaltans,D.prosaltans,DCV-C,3,15,5.934667071973062,NA
1089,D.buz_DCV-C_3,D. buzzatii,D.buzzatii,DCV-C,3,14,5.350679317911265,NA
1090,Z.tub_DCV-C_3,Z. tuberculatus,Z.tuberculatus,DCV-C,3,15,-0.355208132,NA
1091,D.aff_DCV-C_3,D. affinis,D.affinis,DCV-C,3,12,7.803875422998153,NA
1092,D.par_DCV-C_3,D. paramelanica,D.paramelanica,DCV-C,3,14,6.451234153848828,NA
1093,S.pat_DCV-C_3,S. pattersoni,S.pattersoni,DCV-C,3,14,3.925773299754884,NA
1094,D.fla_DCV-C_3,D. flavomontana,D.flavomontana,DCV-C,3,15,6.602282264914728,NA
1095,D.suc_DCV-C_3,D. sucinea,D.sucinea,DCV-C,3,14,3.994515988738347,NA
1096,D.tei_DCV-C_3,D. teisseri,D.teisseri,DCV-C,3,14,4.7428739065548164,NA
1097,D.put_DCV-C_3,D. putrida,D.putrida,DCV-C,3,13,7.546850346639761,NA
1098,D.lac_DCV-C_3,D. lacicola,D.lacicola,DCV-C,3,14,5.449702005566557,NA
1099,D.bai_DCV-C_3,D. baimaii,D.baimaii,DCV-C,3,14,6.0252811854415205,NA
1100,D.stu_DCV-C_3,D. sturtevanti,D.sturtevanti,DCV-C,3,15,3.686714945081557,NA
1101,D.imm_DCV-C_3,D. immigrans,D.immigrans,DCV-C,3,13,2.130830700285238,NA
1102,D.sal_DCV-C_3,D. saltans,D.saltans,DCV-C,3,15,3.881639177948384,NA
1103,Z.dav_DCV-C_3,Z. davidi,Z.davidi,DCV-C,3,14,-0.355208132,NA
1104,D.eur_DCV-C_3,D. euronotus,D.euronotus,DCV-C,3,13,6.019510117477197,NA
1105,D.sim_DCV-C_3,D. simulans,D.simulans,DCV-C,3,14,6.851121563343725,NA
1106,D.san_DCV-C_3,D. santomea,D.santomea,DCV-C,3,13,4.0577213819923985,NA
1107,S.leb_DCV-C_3,S. lebanonensis,S.lebanonensis,DCV-C,3,15,NA,Omitted due to melt-curve contaminants
1108,D.ari_DCV-C_3,D. arizonae,D.arizonae,DCV-C,3,15,3.9595705173745745,NA
1109,D.vir_DCV-C_3,D. virilis,D.virilis,DCV-C,3,15,1.3506366615937937,NA
1110,D.hyd_DCV-C_3,D. hydei,D.hydei,DCV-C,3,14,-0.355208132,NA
1111,D.pse_DCV-C_3,D. pseudoobscura,D.pseudoobscura,DCV-C,3,14,3.309205584382663,NA
1112,D.yak_DCV-C_3,D. yakuba,D.yakuba,DCV-C,3,11,1.9957857139693072,NA
1113,D.mon_DCV-C_3,D. montana,D.montana,DCV-C,3,14,6.697474717375016,NA
1114,D.tak_DCV-C_3,D. takahashii,D.takahashii,DCV-C,3,15,6.828398159729139,NA
1115,D.per_DCV-C_3,D. persimilis,D.persimilis,DCV-C,3,15,6.722724728890443,NA
1116,D.sub_DCV-C_3,D. subobscura,D.subobscura,DCV-C,3,13,5.533872486453873,NA
1117,D.nas_DCV-C_3,D. nasuta,D.nasuta,DCV-C,3,14,5.046512471547585,NA
1118,D.neb_DCV-C_3,D. nebulosa,D.nebulosa,DCV-C,3,9,6.511598318503309,NA
1119,D.mel_DCV-C_3,D. melanogaster,D.melanogaster,DCV-C,3,15,3.006531351,NA
1120,D.ana_DCV-C_3,D. ananassae,D.ananassae,DCV-C,3,15,7.148930795494485,NA
1121,D.neb_Nora_3,D. nebulosa,D.nebulosa,DmelNv,3,10,0.9924668702406269,NA
1122,D.fla_Nora_3,D. flavomontana,D.flavomontana,DmelNv,3,14,1.421031638053469,NA
1123,D.imm_Nora_3,D. immigrans,D.immigrans,DmelNv,3,14,0.26023049670540604,NA
1124,D.pro_Nora_3,D. prosaltans,D.prosaltans,DmelNv,3,15,2.6299282603396583,NA
1125,D.stu_Nora_3,D. sturtevanti,D.sturtevanti,DmelNv,3,12,1.3455414786470787,NA
1126,D.tei_Nora_3,D. teisseri,D.teisseri,DmelNv,3,15,1.8474978720254047,NA
1127,D.per_Nora_3,D. persimilis,D.persimilis,DmelNv,3,14,2.3829722948052385,NA
1128,D.buz_Nora_3,D. buzzatii,D.buzzatii,DmelNv,3,13,1.141557267492284,NA
1129,D.ere_Nora_3,D. erecta,D.erecta,DmelNv,3,14,1.265984385280839,NA
1130,D.sub_Nora_3,D. subobscura,D.subobscura,DmelNv,3,15,1.1464182246251389,NA
1131,D.mon_Nora_3,D. montana,D.montana,DmelNv,3,15,0.3670452124434253,NA
1132,D.eur_Nora_3,D. euronotus,D.euronotus,DmelNv,3,14,1.7148092798167174,NA
1133,D.vir_Nora_3,D. virilis,D.virilis,DmelNv,3,15,0.4633813600318753,NA
1134,Z.tub_Nora_3,Z. tuberculatus,Z.tuberculatus,DmelNv,3,15,0.4332085912357226,NA
1135,D.yak_Nora_3,D. yakuba,D.yakuba,DmelNv,3,12,2.1761304811006763,NA
1136,D.sal_Nora_3,D. saltans,D.saltans,DmelNv,3,13,2.027233955858789,NA
1137,D.pse_Nora_3,D. pseudoobscura,D.pseudoobscura,DmelNv,3,15,1.605660773174412,NA
1138,D.hyd_Nora_3,D. hydei,D.hydei,DmelNv,3,15,NA,Omitted due to melt-curve contaminants
1139,D.put_Nora_3,D. putrida,D.putrida,DmelNv,3,12,0.9162425006849012,NA
1140,D.par_Nora_3,D. paramelanica,D.paramelanica,DmelNv,3,14,0.7404391327720176,NA
1141,D.mel_Nora_3,D. melanogaster,D.melanogaster,DmelNv,3,15,2.1446569331922993,NA
1142,D.suc_Nora_3,D. sucinea,D.sucinea,DmelNv,3,15,2.233841685822647,NA
1143,S.pat_Nora_3,S. pattersoni,S.pattersoni,DmelNv,3,15,-1.289344118,NA
1144,D.aff_Nora_3,D. affinis,D.affinis,DmelNv,3,15,2.500398331332819,NA
1145,S.leb_Nora_3,S. lebanonensis,S.lebanonensis,DmelNv,3,15,-1.289344118,NA
1146,D.bai_Nora_3,D. baimaii,D.baimaii,DmelNv,3,12,1.8346869635715173,NA
1147,Z.dav_Nora_3,Z. davidi,Z.davidi,DmelNv,3,15,0.39830409702371267,NA
1148,D.san_Nora_3,D. santomea,D.santomea,DmelNv,3,14,2.733913488,NA
1149,D.lac_Nora_3,D. lacicola,D.lacicola,DmelNv,3,14,0.7184004028470916,NA
1150,D.ana_Nora_3,D. ananassae,D.ananassae,DmelNv,3,12,2.1163360229335346,NA
1151,D.nas_Nora_3,D. nasuta,D.nasuta,DmelNv,3,14,0.2706153004306146,NA
1152,D.ari_Nora_3,D. arizonae,D.arizonae,DmelNv,3,13,2.072178221649385,NA
1153,D.ame_Nora_3,D. americana,D.americana,DmelNv,3,15,0.18006656204343968,NA
1154,D.tak_Nora_3,D. takahashii,D.takahashii,DmelNv,3,14,1.1032889094791756,NA
1155,D.sim_Nora_3,D. simulans,D.simulans,DmelNv,3,14,1.8290502861723683,NA
